,symbol,name,industry
0,000001,平安银行,银行
1,000002,万科A,全国地产
2,000004,国华网安,软件服务
3,000005,ST星源,环境保护
4,000006,深振业A,区域地产
5,000007,*ST全新,酒店餐饮
6,000008,神州高铁,运输设备
7,000009,中国宝安,综合类
8,000010,美丽生态,建筑工程
9,000011,深物业A,区域地产
10,000012,南玻A,玻璃
11,000014,沙河股份,全国地产
12,000016,深康佳A,家用电器
13,000017,深中华A,文教休闲
14,000019,深粮控股,其他商业
15,000020,深华发A,元器件
16,000021,深科技,IT设备
17,000023,深天地A,其他建材
18,000025,特力A,汽车服务
19,000026,飞亚达,其他商业
20,000027,深圳能源,火力发电
21,000028,国药一致,医药商业
22,000029,深深房A,区域地产
23,000030,富奥股份,汽车配件
24,000031,大悦城,全国地产
25,000032,深桑达A,元器件
26,000034,神州数码,综合类
27,000035,中国天楹,环境保护
28,000036,华联控股,全国地产
29,000037,深南电A,火力发电
30,000038,深大通,广告包装
31,000039,中集集团,轻工机械
32,000040,东旭蓝天,新型电力
33,000042,中洲控股,全国地产
34,000045,深纺织A,元器件
35,000046,泛海控股,保险
36,000048,京基智农,饲料
37,000049,德赛电池,电气设备
38,000050,深天马A,元器件
39,000055,方大集团,其他建材
40,000056,皇庭国际,房产服务
41,000058,深赛格,元器件
42,000059,华锦股份,石油加工
43,000060,中金岭南,铅锌
44,000061,农产品,农业综合
45,000062,深圳华强,批发业
46,000063,中兴通讯,通信设备
47,000065,北方国际,建筑工程
48,000066,中国长城,IT设备
49,000068,华控赛格,环境保护
50,000069,华侨城A,旅游景点
51,000070,特发信息,通信设备
52,000078,海王生物,医药商业
53,000088,盐田港,港口
54,000089,深圳机场,机场
55,000090,天健集团,建筑工程
56,000096,广聚能源,石油贸易
57,000099,中信海直,空运
58,000100,TCL科技,元器件
59,000150,宜华健康,医疗保健
60,000151,中成股份,商贸代理
61,000153,丰原药业,化学制药
62,000155,川能动力,新型电力
63,000156,华数传媒,影视音像
64,000157,中联重科,工程机械
65,000158,常山北明,软件服务
66,000159,国际实业,石油贸易
67,000166,申万宏源,证券
68,000301,东方盛虹,化纤
69,000333,美的集团,家用电器
70,000338,潍柴动力,汽车配件
71,000400,许继电气,电气设备
72,000401,冀东水泥,水泥
73,000402,金融街,全国地产
74,000403,派林生物,生物制药
75,000404,长虹华意,专用机械
76,000407,胜利股份,供气供热
77,000408,藏格控股,农药化肥
78,000409,云鼎科技,综合类
79,000410,ST沈机,机床制造
80,000411,英特集团,医药商业
81,000413,东旭光电,元器件
82,000415,渤海租赁,多元金融
83,000416,民生控股,多元金融
84,000417,合肥百货,百货
85,000419,通程控股,百货
86,000420,吉林化纤,化纤
87,000421,南京公用,供气供热
88,000422,湖北宜化,农药化肥
89,000423,东阿阿胶,中成药
90,000425,徐工机械,工程机械
91,000426,兴业矿业,铅锌
92,000428,华天酒店,酒店餐饮
93,000429,粤高速A,路桥
94,000430,张家界,旅游景点
95,000488,晨鸣纸业,造纸
96,000498,山东路桥,建筑工程
97,000501,鄂武商A,百货
98,000502,*ST绿景,综合类
99,000503,国新健康,医疗保健
100,000504,南华生物,生物制药
101,000505,京粮控股,食品
102,000506,中润资源,黄金
103,000507,珠海港,港口
104,000509,*ST华塑,医疗保健
105,000510,新金路,化工原料
106,000513,丽珠集团,化学制药
107,000514,渝开发,区域地产
108,000516,国际医学,医疗保健
109,000517,荣安地产,区域地产
110,000518,四环生物,生物制药
111,000519,中兵红箭,专用机械
112,000520,长航凤凰,水运
113,000521,长虹美菱,家用电器
114,000523,*ST浪奇,日用化工
115,000524,岭南控股,酒店餐饮
116,000525,ST红太阳,农药化肥
117,000526,学大教育,文教休闲
118,000528,柳工,工程机械
119,000529,广弘控股,食品
120,000530,冰山冷热,机械基件
121,000531,穗恒运A,火力发电
122,000532,华金资本,多元金融
123,000533,顺钠股份,电气设备
124,000534,万泽股份,生物制药
125,000536,华映科技,元器件
126,000537,广宇发展,区域地产
127,000538,云南白药,中成药
128,000539,粤电力A,火力发电
129,000540,中天金融,多元金融
130,000541,佛山照明,家用电器
131,000543,皖能电力,火力发电
132,000544,中原环保,环境保护
133,000545,金浦钛业,化工原料
134,000546,金圆股份,水泥
135,000547,航天发展,通信设备
136,000548,湖南投资,路桥
137,000550,江铃汽车,汽车整车
138,000551,创元科技,专用机械
139,000552,靖远煤电,煤炭开采
140,000553,安道麦A,农药化肥
141,000554,泰山石油,石油贸易
142,000555,神州信息,软件服务
143,000557,西部创业,铁路
144,000558,莱茵体育,文教休闲
145,000559,万向钱潮,汽车配件
146,000560,我爱我家,房产服务
147,000561,烽火电子,通信设备
148,000563,陕国投A,多元金融
149,000564,*ST大集,百货
150,000565,渝三峡A,染料涂料
151,000566,海南海药,化学制药
152,000567,海德股份,多元金融
153,000568,泸州老窖,白酒
154,000570,苏常柴A,机械基件
155,000571,ST大洲,综合类
156,000572,海马汽车,汽车整车
157,000573,粤宏远A,区域地产
158,000576,甘化科工,食品
159,000581,威孚高科,汽车配件
160,000582,北部湾港,港口
161,000584,哈工智能,专用机械
162,000585,*ST东电,电气设备
163,000586,汇源通信,通信设备
164,000587,*ST金洲,批发业
165,000589,贵州轮胎,汽车配件
166,000590,启迪药业,中成药
167,000591,太阳能,新型电力
168,000592,平潭发展,林业
169,000593,大通燃气,供气供热
170,000595,宝塔实业,机械基件
171,000596,古井贡酒,白酒
172,000597,东北制药,化学制药
173,000598,兴蓉环境,水务
174,000599,青岛双星,汽车配件
175,000600,建投能源,火力发电
176,000601,韶能股份,水力发电
177,000603,盛达资源,铅锌
178,000605,渤海股份,水务
179,000606,ST顺利,互联网
180,000607,华媒控股,广告包装
181,000608,阳光股份,区域地产
182,000609,*ST中迪,区域地产
183,000610,西安旅游,旅游服务
184,000611,*ST天首,纺织
185,000612,焦作万方,铝
186,000613,*ST东海A,旅游服务
187,000615,奥园美谷,区域地产
188,000616,ST海投,全国地产
189,000617,中油资本,多元金融
190,000619,海螺型材,其他建材
191,000620,新华联,全国地产
192,000622,恒立实业,汽车配件
193,000623,吉林敖东,化学制药
194,000625,长安汽车,汽车整车
195,000626,远大控股,商贸代理
196,000627,天茂集团,保险
197,000628,高新发展,园区开发
198,000629,攀钢钒钛,小金属
199,000630,铜陵有色,铜
200,000631,顺发恒业,区域地产
201,000632,三木集团,综合类
202,000633,合金投资,综合类
203,000635,英力特,化工原料
204,000636,风华高科,元器件
205,000637,茂化实华,石油加工
206,000638,*ST万方,软件服务
207,000639,西王食品,食品
208,000650,仁和药业,中成药
209,000651,格力电器,家用电器
210,000652,泰达股份,批发业
211,000655,金岭矿业,普钢
212,000656,金科股份,区域地产
213,000657,中钨高新,小金属
214,000659,珠海中富,广告包装
215,000661,长春高新,生物制药
216,000663,*ST永林,林业
217,000665,湖北广电,影视音像
218,000666,经纬纺机,多元金融
219,000667,美好置业,全国地产
220,000668,荣丰控股,区域地产
221,000669,*ST金鸿,供气供热
222,000670,*ST盈方,元器件
223,000671,阳光城,区域地产
224,000672,上峰水泥,水泥
225,000673,*ST当代,影视音像
226,000676,智度股份,互联网
227,000677,恒天海龙,化纤
228,000678,襄阳轴承,机械基件
229,000679,大连友谊,百货
230,000680,山推股份,工程机械
231,000681,视觉中国,互联网
232,000682,东方电子,软件服务
233,000683,远兴能源,化工原料
234,000685,中山公用,水务
235,000686,东北证券,证券
236,000687,*ST华讯,通信设备
237,000688,国城矿业,铅锌
238,000690,宝新能源,火力发电
239,000691,亚太实业,化工原料
240,000692,惠天热电,供气供热
241,000695,滨海能源,广告包装
242,000697,炼石航空,航空
243,000698,沈阳化工,化工原料
244,000700,模塑科技,汽车配件
245,000701,厦门信达,综合类
246,000702,正虹科技,饲料
247,000703,恒逸石化,化纤
248,000705,浙江震元,医药商业
249,000707,*ST双环,化工原料
250,000708,中信特钢,特种钢
251,000709,河钢股份,普钢
252,000710,贝瑞基因,医疗保健
253,000711,京蓝科技,软件服务
254,000712,锦龙股份,证券
255,000713,丰乐种业,种植业
256,000715,中兴商业,百货
257,000716,黑芝麻,食品
258,000717,韶钢松山,普钢
259,000718,苏宁环球,区域地产
260,000719,中原传媒,出版业
261,000720,新能泰山,区域地产
262,000721,西安饮食,酒店餐饮
263,000722,湖南发展,水力发电
264,000723,美锦能源,焦炭加工
265,000725,京东方A,元器件
266,000726,鲁泰A,纺织
267,000727,冠捷科技,元器件
268,000728,国元证券,证券
269,000729,燕京啤酒,啤酒
270,000731,四川美丰,农药化肥
271,000732,泰禾集团,区域地产
272,000733,振华科技,元器件
273,000735,罗牛山,农业综合
274,000736,中交地产,全国地产
275,000737,南风化工,日用化工
276,000738,航发控制,航空
277,000739,普洛药业,化学制药
278,000750,国海证券,证券
279,000751,锌业股份,铅锌
280,000752,*ST西发,啤酒
281,000753,漳州发展,汽车服务
282,000755,山西路桥,路桥
283,000756,新华制药,化学制药
284,000757,浩物股份,汽车配件
285,000758,中色股份,铅锌
286,000759,中百集团,超市连锁
287,000761,本钢板材,普钢
288,000762,西藏矿业,小金属
289,000766,通化金马,化学制药
290,000767,晋控电力,火力发电
291,000768,中航西飞,航空
292,000776,广发证券,证券
293,000777,中核科技,机械基件
294,000778,新兴铸管,钢加工
295,000779,甘咨询,建筑工程
296,000780,ST平能,煤炭开采
297,000782,美达股份,化纤
298,000783,长江证券,证券
299,000785,居然之家,百货
300,000786,北新建材,其他建材
301,000788,北大医药,化学制药
302,000789,万年青,水泥
303,000790,华神科技,中成药
304,000791,甘肃电投,水力发电
305,000792,*ST盐湖,化工原料
306,000793,华闻集团,出版业
307,000795,英洛华,矿物制品
308,000796,凯撒旅业,旅游服务
309,000797,中国武夷,全国地产
310,000798,中水渔业,渔业
311,000799,酒鬼酒,白酒
312,000800,一汽解放,汽车整车
313,000801,四川九洲,通信设备
314,000802,ST北文,影视音像
315,000803,北清环能,环境保护
316,000806,ST银河,生物制药
317,000807,云铝股份,铝
318,000809,铁岭新城,区域地产
319,000810,创维数字,家用电器
320,000811,冰轮环境,工程机械
321,000812,陕西金叶,广告包装
322,000813,德展健康,化学制药
323,000815,美利云,造纸
324,000816,智慧农业,农用机械
325,000818,航锦科技,化工原料
326,000819,岳阳兴长,石油加工
327,000820,*ST节能,环境保护
328,000821,京山轻机,轻工机械
329,000822,山东海化,化工原料
330,000823,超声电子,元器件
331,000825,太钢不锈,特种钢
332,000826,启迪环境,环境保护
333,000828,东莞控股,路桥
334,000829,天音控股,其他商业
335,000830,鲁西化工,农药化肥
336,000831,五矿稀土,小金属
337,000833,粤桂股份,食品
338,000835,*ST长动,影视音像
339,000836,富通信息,通信设备
340,000837,秦川机床,机床制造
341,000838,财信发展,区域地产
342,000839,中信国安,综合类
343,000848,承德露露,软饮料
344,000850,华茂股份,纺织
345,000851,高鸿股份,通信设备
346,000852,石化机械,化工机械
347,000856,冀东装备,机械基件
348,000858,五粮液,白酒
349,000859,国风塑业,塑料
350,000860,顺鑫农业,白酒
351,000861,海印股份,房产服务
352,000862,银星能源,新型电力
353,000863,三湘印象,区域地产
354,000868,安凯客车,汽车整车
355,000869,张裕A,红黄酒
356,000875,吉电股份,火力发电
357,000876,新希望,饲料
358,000877,天山股份,水泥
359,000878,云南铜业,铜
360,000880,潍柴重机,机械基件
361,000881,中广核技,综合类
362,000882,华联股份,其他商业
363,000883,湖北能源,火力发电
364,000885,城发环境,路桥
365,000886,海南高速,路桥
366,000887,中鼎股份,橡胶
367,000888,峨眉山A,旅游景点
368,000889,中嘉博创,通信设备
369,000890,法尔胜,钢加工
370,000892,欢瑞世纪,影视音像
371,000893,亚钾国际,农药化肥
372,000895,双汇发展,食品
373,000897,津滨发展,区域地产
374,000898,鞍钢股份,普钢
375,000899,赣能股份,火力发电
376,000900,现代投资,路桥
377,000901,航天科技,汽车配件
378,000902,新洋丰,农药化肥
379,000903,云内动力,机械基件
380,000905,厦门港务,港口
381,000906,浙商中拓,批发业
382,000908,景峰医药,化学制药
383,000909,数源科技,综合类
384,000910,大亚圣象,家居用品
385,000911,南宁糖业,食品
386,000912,泸天化,农药化肥
387,000913,钱江摩托,摩托车
388,000915,华特达因,化学制药
389,000917,电广传媒,影视音像
390,000918,嘉凯城,全国地产
391,000919,金陵药业,化学制药
392,000920,南方汇通,环境保护
393,000921,海信家电,家用电器
394,000922,佳电股份,电气设备
395,000923,河钢资源,普钢
396,000925,众合科技,专用机械
397,000926,福星股份,区域地产
398,000927,中国铁物,仓储物流
399,000928,中钢国际,建筑工程
400,000929,兰州黄河,啤酒
401,000930,中粮科技,农业综合
402,000931,中关村,生物制药
403,000932,华菱钢铁,普钢
404,000933,神火股份,铝
405,000935,四川双马,水泥
406,000936,华西股份,化纤
407,000937,冀中能源,煤炭开采
408,000938,紫光股份,软件服务
409,000948,南天信息,软件服务
410,000949,新乡化纤,化纤
411,000950,重药控股,医药商业
412,000951,中国重汽,汽车整车
413,000952,广济药业,化学制药
414,000953,河化股份,农药化肥
415,000955,欣龙控股,纺织
416,000957,中通客车,汽车整车
417,000958,东方能源,多元金融
418,000959,首钢股份,普钢
419,000960,锡业股份,小金属
420,000961,中南建设,建筑工程
421,000962,东方钽业,小金属
422,000963,华东医药,化学制药
423,000965,天保基建,区域地产
424,000966,长源电力,火力发电
425,000967,盈峰环境,环境保护
426,000968,蓝焰控股,煤炭开采
427,000969,安泰科技,钢加工
428,000970,中科三环,元器件
429,000971,ST高升,互联网
430,000972,*ST中基,食品
431,000973,佛塑科技,塑料
432,000975,银泰黄金,黄金
433,000976,华铁股份,运输设备
434,000977,浪潮信息,IT设备
435,000978,桂林旅游,旅游景点
436,000980,*ST众泰,汽车配件
437,000981,*ST银亿,汽车配件
438,000982,中银绒业,纺织
439,000983,山西焦煤,煤炭开采
440,000985,大庆华科,化工原料
441,000987,越秀金控,多元金融
442,000988,华工科技,电器仪表
443,000989,九芝堂,中成药
444,000990,诚志股份,化工原料
445,000993,闽东电力,水力发电
446,000995,皇台酒业,白酒
447,000996,中国中期,汽车服务
448,000997,新大陆,软件服务
449,000998,隆平高科,种植业
450,000999,华润三九,中成药
451,001201,东瑞股份,农业综合
452,001202,炬申股份,仓储物流
453,001203,大中矿业,普钢
454,001205,盛航股份,水运
455,001206,依依股份,造纸
456,001207,联科科技,化工原料
457,001208,华菱线缆,电气设备
458,001696,宗申动力,摩托车
459,001872,招商港口,港口
460,001896,豫能控股,火力发电
461,001914,招商积余,房产服务
462,001965,招商公路,路桥
463,001979,招商蛇口,全国地产
464,002001,新和成,化学制药
465,002002,鸿达兴业,化工原料
466,002003,伟星股份,服饰
467,002004,华邦健康,化学制药
468,002005,ST德豪,家用电器
469,002006,精功科技,专用机械
470,002007,华兰生物,生物制药
471,002008,大族激光,电器仪表
472,002009,天奇股份,工程机械
473,002010,传化智联,仓储物流
474,002011,盾安环境,工程机械
475,002012,凯恩股份,造纸
476,002013,中航机电,航空
477,002014,永新股份,塑料
478,002015,协鑫能科,新型电力
479,002016,世荣兆业,区域地产
480,002017,东信和平,通信设备
481,002019,亿帆医药,化学制药
482,002020,京新药业,化学制药
483,002021,ST中捷,纺织机械
484,002022,科华生物,医疗保健
485,002023,海特高新,航空
486,002024,苏宁易购,电器连锁
487,002025,航天电器,元器件
488,002026,山东威达,机械基件
489,002027,分众传媒,影视音像
490,002028,思源电气,电气设备
491,002029,七匹狼,服饰
492,002030,达安基因,生物制药
493,002031,巨轮智能,汽车配件
494,002032,苏泊尔,家用电器
495,002033,丽江股份,旅游景点
496,002034,旺能环境,环境保护
497,002035,华帝股份,家用电器
498,002036,联创电子,元器件
499,002037,保利联合,化工原料
500,002038,双鹭药业,生物制药
501,002039,黔源电力,水力发电
502,002040,南京港,港口
503,002041,登海种业,种植业
504,002042,华孚时尚,纺织
505,002043,兔宝宝,其他建材
506,002044,美年健康,医疗保健
507,002045,国光电器,元器件
508,002046,国机精工,机械基件
509,002047,宝鹰股份,装修装饰
510,002048,宁波华翔,汽车配件
511,002049,紫光国微,元器件
512,002050,三花智控,机械基件
513,002051,中工国际,建筑工程
514,002052,ST同洲,通信设备
515,002053,云南能投,食品
516,002054,德美化工,化工原料
517,002055,得润电子,元器件
518,002056,横店东磁,元器件
519,002057,中钢天源,元器件
520,002058,*ST威尔,电器仪表
521,002059,云南旅游,旅游景点
522,002060,粤水电,建筑工程
523,002061,浙江交科,建筑工程
524,002062,宏润建设,建筑工程
525,002063,远光软件,软件服务
526,002064,华峰化学,化纤
527,002065,东华软件,软件服务
528,002066,瑞泰科技,其他建材
529,002067,景兴纸业,造纸
530,002068,黑猫股份,化工原料
531,002069,獐子岛,渔业
532,002072,*ST凯瑞,商贸代理
533,002073,软控股份,软件服务
534,002074,国轩高科,电气设备
535,002075,沙钢股份,特种钢
536,002076,ST雪莱,家用电器
537,002077,大港股份,区域地产
538,002078,太阳纸业,造纸
539,002079,苏州固锝,半导体
540,002080,中材科技,化纤
541,002081,金螳螂,装修装饰
542,002082,万邦德,中成药
543,002083,孚日股份,纺织
544,002084,海鸥住工,家居用品
545,002085,万丰奥威,汽车配件
546,002086,*ST东洋,渔业
547,002087,新野纺织,纺织
548,002088,鲁阳节能,矿物制品
549,002089,ST新海,通信设备
550,002090,金智科技,软件服务
551,002091,江苏国泰,商贸代理
552,002092,中泰化学,化工原料
553,002093,国脉科技,电信运营
554,002094,青岛金王,日用化工
555,002095,生意宝,互联网
556,002096,南岭民爆,化工原料
557,002097,山河智能,工程机械
558,002098,浔兴股份,服饰
559,002099,海翔药业,化学制药
560,002100,天康生物,饲料
561,002101,广东鸿图,汽车配件
562,002102,ST冠福,化学制药
563,002103,广博股份,文教休闲
564,002104,恒宝股份,元器件
565,002105,信隆健康,文教休闲
566,002106,莱宝高科,元器件
567,002107,沃华医药,中成药
568,002108,沧州明珠,塑料
569,002109,兴化股份,化工原料
570,002110,三钢闽光,普钢
571,002111,威海广泰,航空
572,002112,三变科技,电气设备
573,002113,*ST天润,互联网
574,002114,罗平锌电,铅锌
575,002115,三维通信,互联网
576,002116,中国海诚,建筑工程
577,002117,东港股份,广告包装
578,002118,紫鑫药业,中成药
579,002119,康强电子,半导体
580,002120,韵达股份,仓储物流
581,002121,科陆电子,电器仪表
582,002122,ST天马,机械基件
583,002123,梦网科技,互联网
584,002124,天邦股份,饲料
585,002125,湘潭电化,化工原料
586,002126,银轮股份,汽车配件
587,002127,南极电商,互联网
588,002128,露天煤业,煤炭开采
589,002129,中环股份,半导体
590,002130,沃尔核材,电气设备
591,002131,利欧股份,互联网
592,002132,恒星科技,钢加工
593,002133,广宇集团,全国地产
594,002134,天津普林,元器件
595,002135,东南网架,建筑工程
596,002136,安纳达,化工原料
597,002137,实益达,通信设备
598,002138,顺络电子,元器件
599,002139,拓邦股份,元器件
600,002140,东华科技,建筑工程
601,002141,贤丰控股,元器件
602,002142,宁波银行,银行
603,002144,宏达高科,纺织
604,002145,中核钛白,化工原料
605,002146,荣盛发展,全国地产
606,002147,*ST新光,区域地产
607,002148,北纬科技,互联网
608,002149,西部材料,小金属
609,002150,通润装备,机械基件
610,002151,北斗星通,通信设备
611,002152,广电运通,IT设备
612,002153,石基信息,软件服务
613,002154,报喜鸟,服饰
614,002155,湖南黄金,黄金
615,002156,通富微电,半导体
616,002157,正邦科技,饲料
617,002158,汉钟精机,工程机械
618,002159,三特索道,旅游服务
619,002160,常铝股份,铝
620,002161,远望谷,通信设备
621,002162,悦心健康,陶瓷
622,002163,海南发展,装修装饰
623,002164,宁波东力,电气设备
624,002165,红宝丽,化工原料
625,002166,莱茵生物,中成药
626,002167,东方锆业,小金属
627,002168,惠程科技,互联网
628,002169,智光电气,电气设备
629,002170,芭田股份,农药化肥
630,002171,楚江新材,铜
631,002172,澳洋健康,化纤
632,002173,创新医疗,医疗保健
633,002174,游族网络,互联网
634,002175,*ST东网,电器仪表
635,002176,江特电机,电气设备
636,002177,御银股份,IT设备
637,002178,延华智能,建筑工程
638,002179,中航光电,元器件
639,002180,纳思达,IT设备
640,002181,粤传媒,出版业
641,002182,云海金属,小金属
642,002183,怡亚通,仓储物流
643,002184,海得控制,软件服务
644,002185,华天科技,半导体
645,002186,全聚德,酒店餐饮
646,002187,广百股份,百货
647,002188,*ST巴士,广告包装
648,002189,中光学,元器件
649,002190,成飞集成,汽车配件
650,002191,劲嘉股份,广告包装
651,002192,融捷股份,小金属
652,002193,如意集团,纺织
653,002194,武汉凡谷,通信设备
654,002195,二三四五,软件服务
655,002196,方正电机,纺织机械
656,002197,证通电子,电器仪表
657,002198,嘉应制药,中成药
658,002199,东晶电子,元器件
659,002200,ST云投,环境保护
660,002201,九鼎新材,玻璃
661,002202,金风科技,电气设备
662,002203,海亮股份,铜
663,002204,大连重工,专用机械
664,002205,国统股份,其他建材
665,002206,海利得,化纤
666,002207,准油股份,石油开采
667,002208,合肥城建,区域地产
668,002209,达意隆,轻工机械
669,002210,*ST飞马,仓储物流
670,002211,宏达新材,橡胶
671,002212,天融信,软件服务
672,002213,大为股份,汽车配件
673,002214,大立科技,电器仪表
674,002215,诺普信,农药化肥
675,002216,三全食品,食品
676,002217,合力泰,元器件
677,002218,拓日新能,电气设备
678,002219,*ST恒康,中成药
679,002221,东华能源,石油贸易
680,002222,福晶科技,元器件
681,002223,鱼跃医疗,医疗保健
682,002224,三力士,橡胶
683,002225,濮耐股份,其他建材
684,002226,江南化工,化工原料
685,002227,奥特迅,电气设备
686,002228,合兴包装,广告包装
687,002229,鸿博股份,广告包装
688,002230,科大讯飞,软件服务
689,002231,奥维通信,通信设备
690,002232,启明信息,软件服务
691,002233,塔牌集团,水泥
692,002234,民和股份,农业综合
693,002235,安妮股份,互联网
694,002236,大华股份,电器仪表
695,002237,恒邦股份,黄金
696,002238,天威视讯,影视音像
697,002239,奥特佳,汽车配件
698,002240,盛新锂能,小金属
699,002241,歌尔股份,元器件
700,002242,九阳股份,家用电器
701,002243,力合科创,塑料
702,002244,滨江集团,区域地产
703,002245,蔚蓝锂芯,仓储物流
704,002246,北化股份,化工原料
705,002247,聚力文化,造纸
706,002248,华东数控,机床制造
707,002249,大洋电机,电气设备
708,002250,联化科技,化工原料
709,002251,步步高,超市连锁
710,002252,上海莱士,生物制药
711,002253,川大智胜,软件服务
712,002254,泰和新材,化纤
713,002255,海陆重工,专用机械
714,002256,*ST兆新,新型电力
715,002258,利尔化学,农药化肥
716,002259,*ST升达,供气供热
717,002260,*ST德奥,家用电器
718,002261,拓维信息,互联网
719,002262,恩华药业,化学制药
720,002263,大东南,塑料
721,002264,新华都,超市连锁
722,002265,西仪股份,汽车配件
723,002266,浙富控股,环境保护
724,002267,陕天然气,供气供热
725,002268,卫士通,软件服务
726,002269,美邦服饰,服饰
727,002270,华明装备,电气设备
728,002271,东方雨虹,其他建材
729,002272,川润股份,机械基件
730,002273,水晶光电,元器件
731,002274,华昌化工,农药化肥
732,002275,桂林三金,中成药
733,002276,万马股份,电气设备
734,002277,友阿股份,百货
735,002278,神开股份,化工机械
736,002279,久其软件,软件服务
737,002280,联络互动,软件服务
738,002281,光迅科技,通信设备
739,002282,博深股份,轻工机械
740,002283,天润工业,汽车配件
741,002284,亚太股份,汽车配件
742,002285,世联行,房产服务
743,002286,保龄宝,食品
744,002287,奇正藏药,中成药
745,002288,超华科技,元器件
746,002289,宇顺电子,元器件
747,002290,禾盛新材,家用电器
748,002291,星期六,服饰
749,002292,奥飞娱乐,影视音像
750,002293,罗莱生活,纺织
751,002294,信立泰,化学制药
752,002295,精艺股份,铜
753,002296,辉煌科技,通信设备
754,002297,博云新材,矿物制品
755,002298,中电兴发,软件服务
756,002299,圣农发展,农业综合
757,002300,太阳电缆,电气设备
758,002301,齐心集团,文教休闲
759,002302,西部建设,水泥
760,002303,美盈森,造纸
761,002304,洋河股份,白酒
762,002305,南国置业,区域地产
763,002306,中科云网,酒店餐饮
764,002307,北新路桥,建筑工程
765,002308,威创股份,IT设备
766,002309,中利集团,电气设备
767,002310,东方园林,建筑工程
768,002311,海大集团,饲料
769,002312,川发龙蟒,化工原料
770,002313,日海智能,通信设备
771,002314,南山控股,区域地产
772,002315,焦点科技,互联网
773,002316,亚联发展,软件服务
774,002317,众生药业,中成药
775,002318,久立特材,特种钢
776,002319,乐通股份,染料涂料
777,002320,海峡股份,水运
778,002321,*ST华英,农业综合
779,002322,理工环科,软件服务
780,002323,*ST雅博,建筑工程
781,002324,普利特,塑料
782,002325,洪涛股份,装修装饰
783,002326,永太科技,化工原料
784,002327,富安娜,纺织
785,002328,新朋股份,汽车配件
786,002329,皇氏集团,乳制品
787,002330,得利斯,食品
788,002331,皖通科技,软件服务
789,002332,仙琚制药,生物制药
790,002333,罗普斯金,铝
791,002334,英威腾,电气设备
792,002335,科华数据,电气设备
793,002336,人人乐,超市连锁
794,002337,赛象科技,化工机械
795,002338,奥普光电,电器仪表
796,002339,积成电子,电气设备
797,002340,格林美,小金属
798,002341,新纶科技,化工原料
799,002342,巨力索具,机械基件
800,002343,慈文传媒,影视音像
801,002344,海宁皮城,商品城
802,002345,潮宏基,服饰
803,002346,柘中股份,电气设备
804,002347,泰尔股份,机械基件
805,002348,高乐股份,文教休闲
806,002349,精华制药,中成药
807,002350,北京科锐,电气设备
808,002351,漫步者,IT设备
809,002352,顺丰控股,仓储物流
810,002353,杰瑞股份,化工机械
811,002354,天神娱乐,互联网
812,002355,兴民智通,汽车配件
813,002356,*ST赫美,其他商业
814,002357,富临运业,公路
815,002358,ST森源,电气设备
816,002360,同德化工,化工原料
817,002361,神剑股份,化工原料
818,002362,汉王科技,软件服务
819,002363,隆基机械,汽车配件
820,002364,中恒电气,电气设备
821,002365,永安药业,化学制药
822,002366,台海核电,专用机械
823,002367,康力电梯,运输设备
824,002368,太极股份,软件服务
825,002369,卓翼科技,通信设备
826,002370,亚太药业,化学制药
827,002371,北方华创,半导体
828,002372,伟星新材,其他建材
829,002373,千方科技,软件服务
830,002374,中锐股份,建筑工程
831,002375,亚厦股份,装修装饰
832,002376,新北洋,IT设备
833,002377,国创高新,房产服务
834,002378,章源钨业,小金属
835,002379,宏创控股,铝
836,002380,科远智慧,电气设备
837,002381,双箭股份,橡胶
838,002382,蓝帆医疗,医疗保健
839,002383,合众思壮,通信设备
840,002384,东山精密,元器件
841,002385,大北农,饲料
842,002386,天原股份,化工原料
843,002387,维信诺,元器件
844,002388,新亚制程,元器件
845,002389,航天彩虹,元器件
846,002390,信邦制药,中成药
847,002391,长青股份,农药化肥
848,002392,北京利尔,其他建材
849,002393,力生制药,化学制药
850,002394,联发股份,纺织
851,002395,双象股份,塑料
852,002396,星网锐捷,通信设备
853,002397,梦洁股份,纺织
854,002398,垒知集团,其他建材
855,002399,海普瑞,化学制药
856,002400,省广集团,广告包装
857,002401,中远海科,软件服务
858,002402,和而泰,元器件
859,002403,爱仕达,家用电器
860,002404,嘉欣丝绸,纺织
861,002405,四维图新,软件服务
862,002406,远东传动,汽车配件
863,002407,多氟多,化工原料
864,002408,齐翔腾达,化工原料
865,002409,雅克科技,化工原料
866,002410,广联达,软件服务
867,002411,延安必康,化学制药
868,002412,汉森制药,中成药
869,002413,雷科防务,通信设备
870,002414,高德红外,电器仪表
871,002415,海康威视,电器仪表
872,002416,爱施德,电器连锁
873,002417,深南股份,软件服务
874,002418,康盛股份,机械基件
875,002419,天虹股份,百货
876,002420,毅昌股份,塑料
877,002421,达实智能,软件服务
878,002422,科伦药业,化学制药
879,002423,中粮资本,保险
880,002424,贵州百灵,中成药
881,002425,凯撒文化,互联网
882,002426,胜利精密,元器件
883,002427,ST尤夫,化纤
884,002428,云南锗业,小金属
885,002429,兆驰股份,家用电器
886,002430,杭氧股份,化工机械
887,002431,棕榈股份,建筑工程
888,002432,九安医疗,医疗保健
889,002433,太安堂,中成药
890,002434,万里扬,汽车配件
891,002435,长江健康,化学制药
892,002436,兴森科技,元器件
893,002437,誉衡药业,化学制药
894,002438,江苏神通,机械基件
895,002439,启明星辰,软件服务
896,002440,闰土股份,染料涂料
897,002441,众业达,批发业
898,002442,龙星化工,化工原料
899,002443,金洲管道,钢加工
900,002444,巨星科技,轻工机械
901,002445,中南文化,影视音像
902,002446,盛路通信,通信设备
903,002447,*ST晨鑫,互联网
904,002448,中原内配,汽车配件
905,002449,国星光电,半导体
906,002451,摩恩电气,电气设备
907,002452,长高集团,电气设备
908,002453,华软科技,软件服务
909,002454,松芝股份,汽车配件
910,002455,百川股份,化工原料
911,002456,欧菲光,元器件
912,002457,青龙管业,塑料
913,002458,益生股份,农业综合
914,002459,晶澳科技,电气设备
915,002460,赣锋锂业,小金属
916,002461,珠江啤酒,啤酒
917,002462,嘉事堂,医药商业
918,002463,沪电股份,元器件
919,002464,*ST众应,互联网
920,002465,海格通信,通信设备
921,002466,天齐锂业,小金属
922,002467,二六三,电信运营
923,002468,申通快递,仓储物流
924,002469,三维化学,化工原料
925,002470,*ST金正,农药化肥
926,002471,中超控股,电气设备
927,002472,双环传动,机械基件
928,002473,*ST圣莱,家用电器
929,002474,榕基软件,软件服务
930,002475,立讯精密,元器件
931,002476,宝莫股份,化工原料
932,002478,常宝股份,钢加工
933,002479,富春环保,火力发电
934,002480,新筑股份,机械基件
935,002481,双塔食品,食品
936,002482,广田集团,装修装饰
937,002483,润邦股份,工程机械
938,002484,江海股份,元器件
939,002485,希努尔,服饰
940,002486,嘉麟杰,服饰
941,002487,大金重工,钢加工
942,002488,金固股份,汽车配件
943,002489,浙江永强,家居用品
944,002490,山东墨龙,化工机械
945,002491,通鼎互联,通信设备
946,002492,恒基达鑫,仓储物流
947,002493,荣盛石化,化纤
948,002494,华斯股份,服饰
949,002495,佳隆股份,食品
950,002496,ST辉丰,农药化肥
951,002497,雅化集团,化工原料
952,002498,汉缆股份,电气设备
953,002499,*ST科林,环境保护
954,002500,山西证券,证券
955,002501,*ST利源,铝
956,002502,鼎龙文化,影视音像
957,002503,搜于特,服饰
958,002504,ST弘高,装修装饰
959,002505,鹏都农牧,农业综合
960,002506,协鑫集成,电气设备
961,002507,涪陵榨菜,食品
962,002508,老板电器,家用电器
963,002510,天汽模,汽车配件
964,002511,中顺洁柔,造纸
965,002512,达华智能,元器件
966,002513,蓝丰生化,农药化肥
967,002514,宝馨科技,机械基件
968,002515,金字火腿,食品
969,002516,旷达科技,纺织
970,002517,恺英网络,互联网
971,002518,科士达,电气设备
972,002519,银河电子,通信设备
973,002520,日发精机,机床制造
974,002521,齐峰新材,造纸
975,002522,浙江众成,塑料
976,002523,天桥起重,工程机械
977,002524,光正眼科,医疗保健
978,002526,山东矿机,工程机械
979,002527,新时达,电器仪表
980,002528,英飞拓,IT设备
981,002529,海源复材,专用机械
982,002530,金财互联,软件服务
983,002531,天顺风能,电气设备
984,002532,天山铝业,铝
985,002533,金杯电工,电气设备
986,002534,杭锅股份,专用机械
987,002535,ST林重,工程机械
988,002536,飞龙股份,汽车配件
989,002537,海联金汇,汽车整车
990,002538,司尔特,农药化肥
991,002539,云图控股,农药化肥
992,002540,亚太科技,铝
993,002541,鸿路钢构,钢加工
994,002542,中化岩土,建筑工程
995,002543,万和电气,家用电器
996,002544,杰赛科技,软件服务
997,002545,东方铁塔,钢加工
998,002546,新联电子,电气设备
999,002547,春兴精工,通信设备
1000,002548,金新农,饲料
1001,002549,凯美特气,环境保护
1002,002550,千红制药,生物制药
1003,002551,尚荣医疗,医疗保健
1004,002552,宝鼎科技,机械基件
1005,002553,南方轴承,汽车配件
1006,002554,惠博普,石油开采
1007,002555,三七互娱,互联网
1008,002556,辉隆股份,其他商业
1009,002557,洽洽食品,食品
1010,002558,巨人网络,互联网
1011,002559,亚威股份,机床制造
1012,002560,通达股份,电气设备
1013,002561,徐家汇,百货
1014,002562,兄弟科技,化学制药
1015,002563,森马服饰,服饰
1016,002564,天沃科技,建筑工程
1017,002565,顺灏股份,造纸
1018,002566,益盛药业,中成药
1019,002567,唐人神,饲料
1020,002568,百润股份,红黄酒
1021,002569,ST步森,服饰
1022,002570,贝因美,乳制品
1023,002571,德力股份,玻璃
1024,002572,索菲亚,家居用品
1025,002573,清新环境,环境保护
1026,002574,明牌珠宝,服饰
1027,002575,*ST群兴,文教休闲
1028,002576,通达动力,电气设备
1029,002577,雷柏科技,IT设备
1030,002578,闽发铝业,铝
1031,002579,中京电子,元器件
1032,002580,圣阳股份,电气设备
1033,002581,未名医药,生物制药
1034,002582,好想你,食品
1035,002583,海能达,通信设备
1036,002584,西陇科学,化工原料
1037,002585,双星新材,塑料
1038,002586,*ST围海,建筑工程
1039,002587,奥拓电子,元器件
1040,002588,史丹利,农药化肥
1041,002589,瑞康医药,医药商业
1042,002590,万安科技,汽车配件
1043,002591,恒大高新,化工原料
1044,002592,ST八菱,汽车配件
1045,002593,日上集团,汽车配件
1046,002594,比亚迪,汽车整车
1047,002595,豪迈科技,专用机械
1048,002596,海南瑞泽,其他建材
1049,002597,金禾实业,食品
1050,002598,山东章鼓,机械基件
1051,002599,盛通股份,广告包装
1052,002600,领益智造,元器件
1053,002601,龙佰集团,化工原料
1054,002602,世纪华通,互联网
1055,002603,以岭药业,中成药
1056,002605,姚记科技,互联网
1057,002606,大连电瓷,电气设备
1058,002607,中公教育,文教休闲
1059,002608,江苏国信,火力发电
1060,002609,捷顺科技,软件服务
1061,002610,爱康科技,电气设备
1062,002611,东方精工,轻工机械
1063,002612,朗姿股份,服饰
1064,002613,北玻股份,专用机械
1065,002614,奥佳华,医疗保健
1066,002615,哈尔斯,家居用品
1067,002616,长青集团,环境保护
1068,002617,露笑科技,电气设备
1069,002618,*ST丹邦,元器件
1070,002619,*ST艾格,互联网
1071,002620,瑞和股份,装修装饰
1072,002621,美吉姆,文教休闲
1073,002622,融钰集团,综合类
1074,002623,亚玛顿,玻璃
1075,002624,完美世界,影视音像
1076,002625,光启技术,汽车配件
1077,002626,金达威,食品
1078,002627,宜昌交运,公共交通
1079,002628,成都路桥,建筑工程
1080,002629,ST仁智,石油开采
1081,002630,华西能源,专用机械
1082,002631,德尔未来,家居用品
1083,002632,道明光学,化工原料
1084,002633,申科股份,机械基件
1085,002634,棒杰股份,服饰
1086,002635,安洁科技,IT设备
1087,002636,金安国纪,元器件
1088,002637,赞宇科技,日用化工
1089,002638,勤上股份,文教休闲
1090,002639,雪人股份,专用机械
1091,002640,*ST跨境,互联网
1092,002641,永高股份,塑料
1093,002642,荣联科技,软件服务
1094,002643,万润股份,化工原料
1095,002644,佛慈制药,中成药
1096,002645,华宏科技,专用机械
1097,002646,青青稞酒,白酒
1098,002647,仁东控股,多元金融
1099,002648,卫星石化,化工原料
1100,002649,博彦科技,软件服务
1101,002650,ST加加,食品
1102,002651,利君股份,专用机械
1103,002652,扬子新材,其他建材
1104,002653,海思科,化学制药
1105,002654,万润科技,互联网
1106,002655,共达电声,元器件
1107,002656,ST摩登,服饰
1108,002657,中科金财,软件服务
1109,002658,雪迪龙,环境保护
1110,002659,凯文教育,文教休闲
1111,002660,茂硕电源,电气设备
1112,002661,克明食品,食品
1113,002662,京威股份,汽车配件
1114,002663,普邦股份,建筑工程
1115,002664,长鹰信质,汽车配件
1116,002665,首航高科,电气设备
1117,002666,德联集团,化工原料
1118,002667,鞍重股份,工程机械
1119,002668,奥马电器,家用电器
1120,002669,康达新材,化工原料
1121,002670,国盛金控,证券
1122,002671,龙泉股份,其他建材
1123,002672,东江环保,环境保护
1124,002673,西部证券,证券
1125,002674,兴业科技,纺织
1126,002675,东诚药业,化学制药
1127,002676,顺威股份,塑料
1128,002677,浙江美大,家用电器
1129,002678,珠江钢琴,文教休闲
1130,002679,福建金森,林业
1131,002681,奋达科技,家用电器
1132,002682,龙洲股份,公路
1133,002683,宏大爆破,化工原料
1134,002684,*ST猛狮,电气设备
1135,002685,华东重机,工程机械
1136,002686,亿利达,专用机械
1137,002687,乔治白,服饰
1138,002688,金河生物,化学制药
1139,002689,远大智能,运输设备
1140,002690,美亚光电,专用机械
1141,002691,冀凯股份,专用机械
1142,002692,ST远程,电气设备
1143,002693,双成药业,化学制药
1144,002694,顾地科技,塑料
1145,002695,煌上煌,食品
1146,002696,百洋股份,渔业
1147,002697,红旗连锁,超市连锁
1148,002698,博实股份,化工机械
1149,002699,美盛文化,影视音像
1150,002700,ST浩源,供气供热
1151,002701,奥瑞金,广告包装
1152,002702,海欣食品,食品
1153,002703,浙江世宝,汽车配件
1154,002705,新宝股份,家用电器
1155,002706,良信股份,电气设备
1156,002707,众信旅游,旅游服务
1157,002708,光洋股份,汽车配件
1158,002709,天赐材料,化工原料
1159,002712,思美传媒,广告包装
1160,002713,东易日盛,装修装饰
1161,002714,牧原股份,农业综合
1162,002715,登云股份,汽车配件
1163,002716,金贵银业,小金属
1164,002717,岭南股份,环境保护
1165,002718,友邦吊顶,家居用品
1166,002719,*ST麦趣,乳制品
1167,002721,金一文化,服饰
1168,002722,金轮股份,纺织机械
1169,002723,金莱特,家用电器
1170,002724,海洋王,半导体
1171,002725,跃岭股份,汽车配件
1172,002726,龙大肉食,食品
1173,002727,一心堂,医药商业
1174,002728,特一药业,中成药
1175,002729,好利来,元器件
1176,002730,电光科技,电气设备
1177,002731,萃华珠宝,服饰
1178,002732,燕塘乳业,乳制品
1179,002733,雄韬股份,电气设备
1180,002734,利民股份,农药化肥
1181,002735,王子新材,塑料
1182,002736,国信证券,证券
1183,002737,葵花药业,中成药
1184,002738,中矿资源,小金属
1185,002739,万达电影,影视音像
1186,002740,爱迪尔,服饰
1187,002741,光华科技,化工原料
1188,002742,三圣股份,其他建材
1189,002743,富煌钢构,钢加工
1190,002745,木林森,电气设备
1191,002746,仙坛股份,农业综合
1192,002747,埃斯顿,机械基件
1193,002748,世龙实业,化工原料
1194,002749,国光股份,农药化肥
1195,002750,龙津药业,中成药
1196,002751,易尚展示,家居用品
1197,002752,昇兴股份,广告包装
1198,002753,永东股份,化工原料
1199,002755,奥赛康,化学制药
1200,002756,永兴材料,特种钢
1201,002757,南兴股份,专用机械
1202,002758,浙农股份,医药商业
1203,002759,天际股份,家用电器
1204,002760,凤形股份,机械基件
1205,002761,浙江建投,建筑工程
1206,002762,金发拉比,服饰
1207,002763,汇洁股份,服饰
1208,002765,蓝黛科技,汽车配件
1209,002766,*ST索菱,汽车配件
1210,002767,先锋电子,电器仪表
1211,002768,国恩股份,塑料
1212,002769,普路通,仓储物流
1213,002770,*ST科迪,乳制品
1214,002771,真视通,软件服务
1215,002772,众兴菌业,种植业
1216,002773,康弘药业,化学制药
1217,002774,快意电梯,运输设备
1218,002775,文科园林,建筑工程
1219,002776,ST柏龙,服饰
1220,002777,久远银海,软件服务
1221,002778,中晟高科,石油加工
1222,002779,中坚科技,农用机械
1223,002780,三夫户外,其他商业
1224,002781,奇信股份,装修装饰
1225,002782,可立克,电气设备
1226,002783,凯龙股份,化工原料
1227,002785,万里石,其他建材
1228,002786,银宝山新,专用机械
1229,002787,华源控股,广告包装
1230,002788,鹭燕医药,医药商业
1231,002789,建艺集团,装修装饰
1232,002790,瑞尔特,家居用品
1233,002791,坚朗五金,其他建材
1234,002792,通宇通讯,通信设备
1235,002793,罗欣药业,化学制药
1236,002795,永和智控,机械基件
1237,002796,世嘉科技,通信设备
1238,002797,第一创业,证券
1239,002798,帝欧家居,家居用品
1240,002799,环球印务,广告包装
1241,002800,天顺股份,仓储物流
1242,002801,微光股份,电气设备
1243,002802,洪汇新材,化工原料
1244,002803,吉宏股份,互联网
1245,002805,丰元股份,化工原料
1246,002806,华锋股份,元器件
1247,002807,江阴银行,银行
1248,002808,恒久科技,元器件
1249,002809,红墙股份,化工原料
1250,002810,山东赫达,化工原料
1251,002811,郑中设计,装修装饰
1252,002812,恩捷股份,塑料
1253,002813,路畅科技,汽车配件
1254,002815,崇达技术,元器件
1255,002816,和科达,专用机械
1256,002817,黄山胶囊,化学制药
1257,002818,富森美,其他商业
1258,002819,东方中科,电器仪表
1259,002820,桂发祥,食品
1260,002821,凯莱英,生物制药
1261,002822,中装建设,装修装饰
1262,002823,凯中精密,机械基件
1263,002824,和胜股份,铝
1264,002825,纳尔股份,化工原料
1265,002826,易明医药,中成药
1266,002827,高争民爆,化工原料
1267,002828,贝肯能源,石油开采
1268,002829,星网宇达,通信设备
1269,002830,名雕股份,装修装饰
1270,002831,裕同科技,广告包装
1271,002832,比音勒芬,服饰
1272,002833,弘亚数控,专用机械
1273,002835,同为股份,元器件
1274,002836,新宏泽,广告包装
1275,002837,英维克,专用机械
1276,002838,道恩股份,塑料
1277,002839,张家港行,银行
1278,002840,华统股份,食品
1279,002841,视源股份,元器件
1280,002842,翔鹭钨业,小金属
1281,002843,泰嘉股份,钢加工
1282,002845,同兴达,元器件
1283,002846,英联股份,广告包装
1284,002847,盐津铺子,食品
1285,002848,高斯贝尔,通信设备
1286,002849,威星智能,电器仪表
1287,002850,科达利,机械基件
1288,002851,麦格米特,电气设备
1289,002852,道道全,食品
1290,002853,皮阿诺,家居用品
1291,002855,捷荣技术,元器件
1292,002856,美芝股份,装修装饰
1293,002857,三晖电气,电器仪表
1294,002858,力盛赛车,文教休闲
1295,002859,洁美科技,元器件
1296,002860,星帅尔,电气设备
1297,002861,瀛通通讯,通信设备
1298,002862,实丰文化,文教休闲
1299,002863,今飞凯达,汽车配件
1300,002864,盘龙药业,中成药
1301,002865,钧达股份,汽车配件
1302,002866,传艺科技,IT设备
1303,002867,周大生,服饰
1304,002868,绿康生化,农业综合
1305,002869,金溢科技,通信设备
1306,002870,香山股份,汽车配件
1307,002871,伟隆股份,机械基件
1308,002872,ST天圣,化学制药
1309,002873,新天药业,中成药
1310,002875,安奈儿,服饰
1311,002876,三利谱,元器件
1312,002877,智能自控,电器仪表
1313,002878,元隆雅图,文教休闲
1314,002879,长缆科技,电气设备
1315,002880,卫光生物,生物制药
1316,002881,美格智能,通信设备
1317,002882,金龙羽,电气设备
1318,002883,中设股份,建筑工程
1319,002884,凌霄泵业,专用机械
1320,002885,京泉华,元器件
1321,002886,沃特股份,塑料
1322,002887,绿茵生态,环境保护
1323,002888,惠威科技,元器件
1324,002889,东方嘉盛,仓储物流
1325,002890,弘宇股份,农用机械
1326,002891,中宠股份,饲料
1327,002892,科力尔,电气设备
1328,002893,华通热力,供气供热
1329,002895,川恒股份,化工原料
1330,002896,中大力德,机械基件
1331,002897,意华股份,元器件
1332,002898,赛隆药业,化学制药
1333,002899,英派斯,文教休闲
1334,002900,哈三联,化学制药
1335,002901,大博医疗,医疗保健
1336,002902,铭普光磁,元器件
1337,002903,宇环数控,机床制造
1338,002905,金逸影视,影视音像
1339,002906,华阳集团,汽车配件
1340,002907,华森制药,化学制药
1341,002908,德生科技,元器件
1342,002909,集泰股份,化工原料
1343,002910,庄园牧场,乳制品
1344,002911,佛燃能源,供气供热
1345,002912,中新赛克,软件服务
1346,002913,奥士康,元器件
1347,002915,中欣氟材,化工原料
1348,002916,深南电路,元器件
1349,002917,金奥博,化工原料
1350,002918,蒙娜丽莎,其他建材
1351,002919,名臣健康,日用化工
1352,002920,德赛西威,汽车配件
1353,002921,联诚精密,汽车配件
1354,002922,伊戈尔,电气设备
1355,002923,润都股份,化学制药
1356,002925,盈趣科技,元器件
1357,002926,华西证券,证券
1358,002927,泰永长征,电气设备
1359,002928,华夏航空,空运
1360,002929,润建股份,通信设备
1361,002930,宏川智慧,仓储物流
1362,002931,锋龙股份,汽车配件
1363,002932,明德生物,医疗保健
1364,002933,新兴装备,航空
1365,002935,天奥电子,元器件
1366,002936,郑州银行,银行
1367,002937,兴瑞科技,元器件
1368,002938,鹏鼎控股,元器件
1369,002939,长城证券,证券
1370,002940,昂利康,化学制药
1371,002941,新疆交建,建筑工程
1372,002942,新农股份,农药化肥
1373,002943,宇晶股份,机床制造
1374,002945,华林证券,证券
1375,002946,新乳业,乳制品
1376,002947,恒铭达,元器件
1377,002948,青岛银行,银行
1378,002949,华阳国际,建筑工程
1379,002950,奥美医疗,医疗保健
1380,002951,金时科技,广告包装
1381,002952,亚世光电,元器件
1382,002953,日丰股份,电气设备
1383,002955,鸿合科技,IT设备
1384,002956,西麦食品,食品
1385,002957,科瑞技术,专用机械
1386,002958,青农商行,银行
1387,002959,小熊电器,家用电器
1388,002960,青鸟消防,专用机械
1389,002961,瑞达期货,多元金融
1390,002962,五方光电,元器件
1391,002963,豪尔赛,装修装饰
1392,002965,祥鑫科技,汽车配件
1393,002966,苏州银行,银行
1394,002967,广电计量,综合类
1395,002968,新大正,房产服务
1396,002969,嘉美包装,广告包装
1397,002970,锐明技术,通信设备
1398,002971,和远气体,化工原料
1399,002972,科安达,运输设备
1400,002973,侨银股份,环境保护
1401,002975,博杰股份,专用机械
1402,002976,瑞玛工业,元器件
1403,002977,天箭科技,通信设备
1404,002978,安宁股份,小金属
1405,002979,雷赛智能,专用机械
1406,002980,华盛昌,电器仪表
1407,002981,朝阳科技,元器件
1408,002982,湘佳股份,农业综合
1409,002983,芯瑞达,元器件
1410,002984,森麒麟,汽车配件
1411,002985,北摩高科,航空
1412,002986,宇新股份,化工原料
1413,002987,京北方,软件服务
1414,002988,豪美新材,铝
1415,002989,中天精装,装修装饰
1416,002990,盛视科技,软件服务
1417,002991,甘源食品,食品
1418,002992,宝明科技,元器件
1419,002993,奥海科技,元器件
1420,002995,天地在线,互联网
1421,002996,顺博合金,铝
1422,002997,瑞鹄模具,汽车配件
1423,002998,优彩资源,化纤
1424,002999,天禾股份,批发业
1425,003000,劲仔食品,食品
1426,003001,中岩大地,建筑工程
1427,003002,壶化股份,化工原料
1428,003003,天元股份,广告包装
1429,003004,声迅股份,软件服务
1430,003005,竞业达,软件服务
1431,003006,百亚股份,造纸
1432,003007,直真科技,软件服务
1433,003008,开普检测,电气设备
1434,003009,中天火箭,航空
1435,003010,若羽臣,互联网
1436,003011,海象新材,家居用品
1437,003012,东鹏控股,陶瓷
1438,003013,地铁设计,建筑工程
1439,003015,日久光电,元器件
1440,003016,欣贺股份,服饰
1441,003017,大洋生物,化工原料
1442,003018,金富科技,塑料
1443,003019,宸展光电,元器件
1444,003020,立方制药,化学制药
1445,003021,兆威机电,元器件
1446,003022,联泓新科,化工原料
1447,003023,彩虹集团,家用电器
1448,003025,思进智能,机械基件
1449,003026,中晶科技,半导体
1450,003027,同兴环保,环境保护
1451,003028,振邦智能,元器件
1452,003029,吉大正元,软件服务
1453,003030,祖名股份,食品
1454,003031,中瓷电子,元器件
1455,003032,传智教育,文教休闲
1456,003033,征和工业,机械基件
1457,003035,南网能源,新型电力
1458,003036,泰坦股份,纺织机械
1459,003037,三和管桩,水泥
1460,003038,鑫铂股份,铝
1461,003039,顺控发展,水务
1462,003040,楚天龙,元器件
1463,003041,真爱美家,纺织
1464,003042,中农联合,农药化肥
1465,003043,华亚智能,专用机械
1466,003816,中国广核,新型电力
1467,300001,特锐德,电气设备
1468,300002,神州泰岳,软件服务
1469,300003,乐普医疗,医疗保健
1470,300004,南风股份,电气设备
1471,300005,探路者,服饰
1472,300006,莱美药业,化学制药
1473,300007,汉威科技,电器仪表
1474,300008,天海防务,船舶
1475,300009,安科生物,生物制药
1476,300010,豆神教育,软件服务
1477,300011,鼎汉技术,运输设备
1478,300012,华测检测,电器仪表
1479,300013,新宁物流,仓储物流
1480,300014,亿纬锂能,电气设备
1481,300015,爱尔眼科,医疗保健
1482,300016,北陆药业,中成药
1483,300017,网宿科技,电信运营
1484,300018,中元股份,电气设备
1485,300019,硅宝科技,化工原料
1486,300020,银江股份,软件服务
1487,300021,大禹节水,农业综合
1488,300022,吉峰科技,农用机械
1489,300023,*ST宝德,专用机械
1490,300024,机器人,专用机械
1491,300025,华星创业,通信设备
1492,300026,红日药业,中成药
1493,300027,华谊兄弟,影视音像
1494,300029,*ST天龙,电气设备
1495,300030,阳普医疗,医疗保健
1496,300031,宝通科技,互联网
1497,300032,金龙机电,元器件
1498,300033,同花顺,软件服务
1499,300034,钢研高纳,小金属
1500,300035,中科电气,电气设备
1501,300036,超图软件,软件服务
1502,300037,新宙邦,化工原料
1503,300038,*ST数知,互联网
1504,300039,上海凯宝,中成药
1505,300040,九洲集团,电气设备
1506,300041,回天新材,化工原料
1507,300042,朗科科技,IT设备
1508,300043,星辉娱乐,文教休闲
1509,300044,*ST赛为,软件服务
1510,300045,华力创通,IT设备
1511,300046,台基股份,半导体
1512,300047,天源迪科,软件服务
1513,300048,合康新能,电气设备
1514,300049,福瑞股份,医疗保健
1515,300050,世纪鼎利,软件服务
1516,300051,ST三五,互联网
1517,300052,中青宝,互联网
1518,300053,欧比特,半导体
1519,300054,鼎龙股份,化工原料
1520,300055,万邦达,环境保护
1521,300056,中创环保,环境保护
1522,300057,万顺新材,广告包装
1523,300058,蓝色光标,广告包装
1524,300059,东方财富,证券
1525,300061,旗天科技,互联网
1526,300062,中能电气,电气设备
1527,300063,天龙集团,互联网
1528,300064,*ST金刚,矿物制品
1529,300065,海兰信,软件服务
1530,300066,三川智慧,电器仪表
1531,300067,安诺其,染料涂料
1532,300068,南都电源,电气设备
1533,300069,金利华电,电气设备
1534,300070,碧水源,环境保护
1535,300071,*ST嘉信,广告包装
1536,300072,三聚环保,环境保护
1537,300073,当升科技,电气设备
1538,300074,华平股份,软件服务
1539,300075,数字政通,软件服务
1540,300076,GQY视讯,IT设备
1541,300077,国民技术,半导体
1542,300078,思创医惠,软件服务
1543,300079,数码视讯,通信设备
1544,300080,易成新能,电气设备
1545,300081,恒信东方,文教休闲
1546,300082,奥克股份,化工原料
1547,300083,创世纪,元器件
1548,300084,海默科技,石油开采
1549,300085,银之杰,软件服务
1550,300086,康芝药业,化学制药
1551,300087,荃银高科,种植业
1552,300088,长信科技,元器件
1553,300089,文化长城,文教休闲
1554,300091,金通灵,机械基件
1555,300092,科新机电,专用机械
1556,300093,金刚玻璃,玻璃
1557,300094,国联水产,渔业
1558,300095,华伍股份,机械基件
1559,300096,易联众,软件服务
1560,300097,智云股份,电器仪表
1561,300098,高新兴,通信设备
1562,300099,精准信息,电器仪表
1563,300100,双林股份,汽车服务
1564,300101,振芯科技,通信设备
1565,300102,乾照光电,半导体
1566,300103,达刚控股,环境保护
1567,300105,龙源技术,电器仪表
1568,300106,西部牧业,农业综合
1569,300107,建新股份,化工原料
1570,300108,吉药控股,中成药
1571,300109,新开源,化工原料
1572,300110,华仁药业,化学制药
1573,300111,向日葵,化学制药
1574,300112,万讯自控,电器仪表
1575,300113,顺网科技,互联网
1576,300114,中航电测,电器仪表
1577,300115,长盈精密,元器件
1578,300116,保力新,电气设备
1579,300117,嘉寓股份,装修装饰
1580,300118,东方日升,电气设备
1581,300119,瑞普生物,农业综合
1582,300120,经纬辉开,元器件
1583,300121,阳谷华泰,化工原料
1584,300122,智飞生物,生物制药
1585,300123,亚光科技,半导体
1586,300124,汇川技术,电器仪表
1587,300125,聆达股份,电气设备
1588,300126,锐奇股份,轻工机械
1589,300127,银河磁体,元器件
1590,300128,锦富技术,元器件
1591,300129,泰胜风能,电气设备
1592,300130,新国都,IT设备
1593,300131,英唐智控,元器件
1594,300132,青松股份,化工原料
1595,300133,华策影视,影视音像
1596,300134,大富科技,通信设备
1597,300135,宝利国际,化工原料
1598,300136,信维通信,通信设备
1599,300137,先河环保,环境保护
1600,300138,晨光生物,食品
1601,300139,晓程科技,元器件
1602,300140,中环装备,环境保护
1603,300141,和顺电气,电气设备
1604,300142,沃森生物,生物制药
1605,300143,盈康生命,医疗保健
1606,300144,宋城演艺,旅游景点
1607,300145,中金环境,专用机械
1608,300146,汤臣倍健,医疗保健
1609,300147,香雪制药,中成药
1610,300148,天舟文化,互联网
1611,300149,睿智医药,生物制药
1612,300150,世纪瑞尔,软件服务
1613,300151,昌红科技,机械基件
1614,300152,科融环境,环境保护
1615,300153,科泰电源,电气设备
1616,300154,瑞凌股份,元器件
1617,300155,安居宝,元器件
1618,300157,恒泰艾普,石油开采
1619,300158,振东制药,化学制药
1620,300159,新研股份,航空
1621,300160,秀强股份,玻璃
1622,300161,华中数控,机床制造
1623,300162,雷曼光电,元器件
1624,300163,先锋新材,其他建材
1625,300164,通源石油,石油开采
1626,300165,天瑞仪器,电器仪表
1627,300166,东方国信,软件服务
1628,300167,迪威迅,软件服务
1629,300168,万达信息,软件服务
1630,300169,天晟新材,塑料
1631,300170,汉得信息,软件服务
1632,300171,东富龙,医疗保健
1633,300172,中电环保,环境保护
1634,300173,福能东方,轻工机械
1635,300174,元力股份,化工原料
1636,300175,朗源股份,食品
1637,300176,派生科技,汽车配件
1638,300177,中海达,通信设备
1639,300178,*ST腾邦,旅游服务
1640,300179,四方达,矿物制品
1641,300180,华峰超纤,化纤
1642,300181,佐力药业,中成药
1643,300182,捷成股份,影视音像
1644,300183,东软载波,通信设备
1645,300184,力源信息,元器件
1646,300185,通裕重工,工程机械
1647,300187,永清环保,环境保护
1648,300188,美亚柏科,软件服务
1649,300189,神农科技,种植业
1650,300190,维尔利,环境保护
1651,300191,潜能恒信,石油开采
1652,300192,科德教育,文教休闲
1653,300193,佳士科技,专用机械
1654,300194,福安药业,化学制药
1655,300195,长荣股份,轻工机械
1656,300196,长海股份,玻璃
1657,300197,节能铁汉,环境保护
1658,300198,纳川股份,塑料
1659,300199,翰宇药业,化学制药
1660,300200,高盟新材,化工原料
1661,300201,海伦哲,专用机械
1662,300202,*ST聚龙,IT设备
1663,300203,聚光科技,环境保护
1664,300204,舒泰神,生物制药
1665,300205,天喻信息,元器件
1666,300206,理邦仪器,医疗保健
1667,300207,欣旺达,元器件
1668,300208,青岛中程,电气设备
1669,300209,天泽信息,软件服务
1670,300210,森远股份,专用机械
1671,300211,亿通科技,通信设备
1672,300212,易华录,软件服务
1673,300213,佳讯飞鸿,通信设备
1674,300214,日科化学,化工原料
1675,300215,电科院,电气设备
1676,300217,东方电热,电器仪表
1677,300218,安利股份,塑料
1678,300219,鸿利智汇,元器件
1679,300220,金运激光,元器件
1680,300221,银禧科技,塑料
1681,300222,科大智能,电气设备
1682,300223,北京君正,半导体
1683,300224,正海磁材,元器件
1684,300225,金力泰,染料涂料
1685,300226,上海钢联,互联网
1686,300227,光韵达,元器件
1687,300228,富瑞特装,化工机械
1688,300229,拓尔思,软件服务
1689,300230,永利股份,塑料
1690,300231,银信科技,软件服务
1691,300232,洲明科技,半导体
1692,300233,金城医药,化学制药
1693,300234,开尔新材,陶瓷
1694,300235,方直科技,软件服务
1695,300236,上海新阳,半导体
1696,300237,美晨生态,建筑工程
1697,300238,冠昊生物,医疗保健
1698,300239,东宝生物,生物制药
1699,300240,飞力达,仓储物流
1700,300241,瑞丰光电,半导体
1701,300242,佳云科技,互联网
1702,300243,瑞丰高材,化工原料
1703,300244,迪安诊断,医疗保健
1704,300245,天玑科技,软件服务
1705,300246,宝莱特,医疗保健
1706,300247,融捷健康,医疗保健
1707,300248,新开普,软件服务
1708,300249,依米康,软件服务
1709,300250,初灵信息,软件服务
1710,300251,光线传媒,影视音像
1711,300252,金信诺,通信设备
1712,300253,卫宁健康,软件服务
1713,300254,仟源医药,化学制药
1714,300255,常山药业,生物制药
1715,300256,星星科技,元器件
1716,300257,开山股份,机械基件
1717,300258,精锻科技,汽车配件
1718,300259,新天科技,电器仪表
1719,300260,新莱应材,机械基件
1720,300261,雅本化学,农药化肥
1721,300262,巴安水务,环境保护
1722,300263,隆华科技,专用机械
1723,300264,佳创视讯,通信设备
1724,300265,通光线缆,电气设备
1725,300266,兴源环境,环境保护
1726,300267,尔康制药,化学制药
1727,300268,佳沃食品,农业综合
1728,300269,ST联建,半导体
1729,300270,中威电子,通信设备
1730,300271,华宇软件,软件服务
1731,300272,开能健康,家用电器
1732,300273,和佳医疗,医疗保健
1733,300274,阳光电源,电气设备
1734,300275,梅安森,软件服务
1735,300276,三丰智能,专用机械
1736,300277,海联讯,软件服务
1737,300278,*ST华昌,专用机械
1738,300279,和晶科技,元器件
1739,300280,紫天科技,广告包装
1740,300281,金明精机,专用机械
1741,300282,三盛教育,文教休闲
1742,300283,温州宏丰,电气设备
1743,300284,苏交科,建筑工程
1744,300285,国瓷材料,陶瓷
1745,300286,安科瑞,电器仪表
1746,300287,飞利信,软件服务
1747,300288,朗玛信息,软件服务
1748,300289,利德曼,生物制药
1749,300290,荣科科技,软件服务
1750,300291,华录百纳,影视音像
1751,300292,吴通控股,软件服务
1752,300293,蓝英装备,专用机械
1753,300294,博雅生物,生物制药
1754,300295,三六五网,互联网
1755,300296,利亚德,半导体
1756,300297,蓝盾股份,软件服务
1757,300298,三诺生物,医疗保健
1758,300299,富春股份,互联网
1759,300300,海峡创新,软件服务
1760,300301,长方集团,半导体
1761,300302,同有科技,软件服务
1762,300303,聚飞光电,半导体
1763,300304,云意电气,汽车配件
1764,300305,裕兴股份,塑料
1765,300306,远方信息,电器仪表
1766,300307,慈星股份,纺织机械
1767,300308,中际旭创,通信设备
1768,300309,吉艾科技,多元金融
1769,300310,宜通世纪,通信设备
1770,300311,任子行,软件服务
1771,300312,*ST邦讯,通信设备
1772,300313,ST天山,农业综合
1773,300314,戴维医疗,医疗保健
1774,300315,掌趣科技,互联网
1775,300316,晶盛机电,专用机械
1776,300317,珈伟新能,半导体
1777,300318,博晖创新,医疗保健
1778,300319,麦捷科技,元器件
1779,300320,海达股份,橡胶
1780,300321,同大股份,塑料
1781,300322,硕贝德,通信设备
1782,300323,华灿光电,半导体
1783,300324,旋极信息,软件服务
1784,300325,*ST德威,塑料
1785,300326,凯利泰,医疗保健
1786,300327,中颖电子,半导体
1787,300328,宜安科技,铝
1788,300329,海伦钢琴,文教休闲
1789,300330,华虹计通,软件服务
1790,300331,苏大维格,元器件
1791,300332,天壕环境,环境保护
1792,300333,兆日科技,软件服务
1793,300334,津膜科技,专用机械
1794,300335,迪森股份,供气供热
1795,300336,新文化,影视音像
1796,300337,银邦股份,铝
1797,300338,开元教育,文教休闲
1798,300339,润和软件,软件服务
1799,300340,科恒股份,元器件
1800,300341,麦克奥迪,电气设备
1801,300342,天银机电,元器件
1802,300343,联创股份,互联网
1803,300344,立方数科,软件服务
1804,300345,华民股份,钢加工
1805,300346,南大光电,元器件
1806,300347,泰格医药,医疗保健
1807,300348,长亮科技,软件服务
1808,300349,金卡智能,软件服务
1809,300350,华鹏飞,仓储物流
1810,300351,永贵电器,元器件
1811,300352,北信源,软件服务
1812,300353,东土科技,通信设备
1813,300354,东华测试,电器仪表
1814,300355,蒙草生态,环境保护
1815,300356,ST光一,电气设备
1816,300357,我武生物,生物制药
1817,300358,楚天科技,医疗保健
1818,300359,全通教育,文教休闲
1819,300360,炬华科技,电器仪表
1820,300362,天翔退,环境保护
1821,300363,博腾股份,化学制药
1822,300364,中文在线,出版业
1823,300365,恒华科技,软件服务
1824,300366,创意信息,软件服务
1825,300367,ST网力,IT设备
1826,300368,汇金股份,IT设备
1827,300369,绿盟科技,软件服务
1828,300370,ST安控,电器仪表
1829,300371,汇中股份,电器仪表
1830,300373,扬杰科技,半导体
1831,300374,中铁装配,其他建材
1832,300375,鹏翎股份,汽车配件
1833,300376,易事特,电气设备
1834,300377,赢时胜,软件服务
1835,300378,鼎捷软件,软件服务
1836,300379,东方通,软件服务
1837,300380,安硕信息,软件服务
1838,300381,溢多利,生物制药
1839,300382,斯莱克,专用机械
1840,300383,光环新网,电信运营
1841,300384,三联虹普,纺织机械
1842,300385,雪浪环境,环境保护
1843,300386,飞天诚信,软件服务
1844,300387,富邦股份,化工原料
1845,300388,节能国祯,环境保护
1846,300389,艾比森,半导体
1847,300390,天华超净,元器件
1848,300391,康跃科技,机械基件
1849,300392,腾信股份,互联网
1850,300393,中来股份,塑料
1851,300394,天孚通信,通信设备
1852,300395,菲利华,玻璃
1853,300396,迪瑞医疗,医疗保健
1854,300397,天和防务,通信设备
1855,300398,飞凯材料,染料涂料
1856,300399,天利科技,互联网
1857,300400,劲拓股份,专用机械
1858,300401,花园生物,食品
1859,300402,宝色股份,专用机械
1860,300403,汉宇集团,家用电器
1861,300404,博济医药,医疗保健
1862,300405,科隆股份,化工原料
1863,300406,九强生物,医疗保健
1864,300407,凯发电气,电气设备
1865,300408,三环集团,元器件
1866,300409,道氏技术,陶瓷
1867,300410,正业科技,电器仪表
1868,300411,金盾股份,专用机械
1869,300412,迦南科技,医疗保健
1870,300413,芒果超媒,影视音像
1871,300414,中光防雷,通信设备
1872,300415,伊之密,专用机械
1873,300416,苏试试验,电器仪表
1874,300417,南华仪器,电器仪表
1875,300418,昆仑万维,互联网
1876,300419,浩丰科技,软件服务
1877,300420,五洋停车,机械基件
1878,300421,力星股份,机械基件
1879,300422,博世科,环境保护
1880,300423,昇辉科技,电气设备
1881,300424,航新科技,航空
1882,300425,中建环能,环境保护
1883,300426,唐德影视,影视音像
1884,300427,红相股份,电气设备
1885,300428,立中集团,铝
1886,300429,强力新材,化工原料
1887,300430,诚益通,电器仪表
1888,300432,富临精工,汽车配件
1889,300433,蓝思科技,元器件
1890,300434,金石亚药,化学制药
1891,300435,中泰股份,机械基件
1892,300436,广生堂,化学制药
1893,300437,清水源,化工原料
1894,300438,鹏辉能源,电气设备
1895,300439,美康生物,医疗保健
1896,300440,运达科技,软件服务
1897,300441,鲍斯股份,机床制造
1898,300442,普丽盛,轻工机械
1899,300443,金雷股份,专用机械
1900,300444,双杰电气,电气设备
1901,300445,康斯特,电器仪表
1902,300446,*ST乐材,化工原料
1903,300447,全信股份,电气设备
1904,300448,浩云科技,软件服务
1905,300449,汉邦高科,IT设备
1906,300450,先导智能,专用机械
1907,300451,创业慧康,软件服务
1908,300452,山河药辅,化学制药
1909,300453,三鑫医疗,医疗保健
1910,300454,深信服,软件服务
1911,300455,康拓红外,运输设备
1912,300456,赛微电子,元器件
1913,300457,赢合科技,专用机械
1914,300458,全志科技,元器件
1915,300459,金科文化,互联网
1916,300460,惠伦晶体,元器件
1917,300461,田中精机,专用机械
1918,300462,华铭智能,专用机械
1919,300463,迈克生物,医疗保健
1920,300464,星徽股份,机械基件
1921,300465,高伟达,软件服务
1922,300466,赛摩智能,电器仪表
1923,300467,迅游科技,互联网
1924,300468,四方精创,软件服务
1925,300469,信息发展,软件服务
1926,300470,中密控股,机械基件
1927,300471,厚普股份,专用机械
1928,300472,新元科技,专用机械
1929,300473,德尔股份,汽车配件
1930,300474,景嘉微,元器件
1931,300475,聚隆科技,专用机械
1932,300476,胜宏科技,元器件
1933,300477,合纵科技,电气设备
1934,300478,杭州高新,橡胶
1935,300479,神思电子,软件服务
1936,300480,光力科技,专用机械
1937,300481,濮阳惠成,化工原料
1938,300482,万孚生物,医疗保健
1939,300483,首华燃气,石油开采
1940,300484,蓝海华腾,电气设备
1941,300485,赛升药业,生物制药
1942,300486,东杰智能,专用机械
1943,300487,蓝晓科技,化工原料
1944,300488,恒锋工具,机械基件
1945,300489,中飞股份,铝
1946,300490,华自科技,电气设备
1947,300491,通合科技,电气设备
1948,300492,华图山鼎,建筑工程
1949,300493,润欣科技,通信设备
1950,300494,盛天网络,互联网
1951,300495,*ST美尚,环境保护
1952,300496,中科创达,软件服务
1953,300497,富祥药业,化学制药
1954,300498,温氏股份,农业综合
1955,300499,高澜股份,专用机械
1956,300500,启迪设计,建筑工程
1957,300501,海顺新材,广告包装
1958,300502,新易盛,通信设备
1959,300503,昊志机电,机械基件
1960,300504,天邑股份,通信设备
1961,300505,川金诺,化工原料
1962,300506,名家汇,建筑工程
1963,300507,苏奥传感,汽车配件
1964,300508,维宏股份,软件服务
1965,300509,新美星,专用机械
1966,300510,金冠股份,电气设备
1967,300511,雪榕生物,种植业
1968,300512,中亚股份,专用机械
1969,300513,恒实科技,软件服务
1970,300514,友讯达,通信设备
1971,300515,三德科技,电器仪表
1972,300516,久之洋,电器仪表
1973,300517,海波重科,建筑工程
1974,300518,盛讯达,软件服务
1975,300519,新光药业,中成药
1976,300520,科大国创,软件服务
1977,300521,爱司凯,专用机械
1978,300522,世名科技,染料涂料
1979,300523,辰安科技,软件服务
1980,300525,博思软件,软件服务
1981,300526,中潜股份,专用机械
1982,300527,中船应急,专用机械
1983,300528,幸福蓝海,影视音像
1984,300529,健帆生物,医疗保健
1985,300530,*ST达志,化工原料
1986,300531,优博讯,软件服务
1987,300532,今天国际,软件服务
1988,300533,冰川网络,软件服务
1989,300534,陇神戎发,中成药
1990,300535,达威股份,化工原料
1991,300536,农尚环境,建筑工程
1992,300537,广信材料,染料涂料
1993,300538,同益股份,批发业
1994,300539,横河精密,塑料
1995,300540,深冷股份,专用机械
1996,300541,先进数通,软件服务
1997,300542,新晨科技,软件服务
1998,300543,朗科智能,电气设备
1999,300545,联得装备,专用机械
2000,300546,雄帝科技,元器件
2001,300547,川环科技,橡胶
2002,300548,博创科技,元器件
2003,300549,优德精密,专用机械
2004,300550,和仁科技,软件服务
2005,300551,古鳌科技,IT设备
2006,300552,万集科技,软件服务
2007,300553,集智股份,电器仪表
2008,300554,三超新材,矿物制品
2009,300555,路通视信,通信设备
2010,300556,丝路视觉,软件服务
2011,300557,理工光科,电器仪表
2012,300558,贝达药业,化学制药
2013,300559,佳发教育,软件服务
2014,300560,中富通,通信设备
2015,300561,汇金科技,软件服务
2016,300562,乐心医疗,医疗保健
2017,300563,神宇股份,通信设备
2018,300564,筑博设计,建筑工程
2019,300565,科信技术,通信设备
2020,300566,激智科技,元器件
2021,300567,精测电子,电器仪表
2022,300568,星源材质,化工原料
2023,300569,天能重工,专用机械
2024,300570,太辰光,元器件
2025,300571,平治信息,互联网
2026,300572,安车检测,电器仪表
2027,300573,兴齐眼药,化学制药
2028,300575,中旗股份,农药化肥
2029,300576,容大感光,染料涂料
2030,300577,开润股份,纺织
2031,300578,会畅通讯,通信设备
2032,300579,数字认证,软件服务
2033,300580,贝斯特,汽车配件
2034,300581,晨曦航空,航空
2035,300582,英飞特,半导体
2036,300583,赛托生物,生物制药
2037,300584,海辰药业,化学制药
2038,300585,奥联电子,汽车配件
2039,300586,美联新材,化工原料
2040,300587,天铁股份,橡胶
2041,300588,熙菱信息,软件服务
2042,300589,江龙船艇,船舶
2043,300590,移为通信,通信设备
2044,300591,万里马,服饰
2045,300592,华凯创意,软件服务
2046,300593,新雷能,电气设备
2047,300594,朗进科技,运输设备
2048,300595,欧普康视,医疗保健
2049,300596,利安隆,化工原料
2050,300597,吉大通信,通信设备
2051,300598,诚迈科技,软件服务
2052,300599,雄塑科技,塑料
2053,300600,国瑞科技,电气设备
2054,300601,康泰生物,生物制药
2055,300602,飞荣达,元器件
2056,300603,立昂技术,通信设备
2057,300604,长川科技,专用机械
2058,300605,恒锋信息,软件服务
2059,300606,金太阳,矿物制品
2060,300607,拓斯达,专用机械
2061,300608,思特奇,软件服务
2062,300609,汇纳科技,互联网
2063,300610,晨化股份,化工原料
2064,300611,美力科技,汽车配件
2065,300612,宣亚国际,广告包装
2066,300613,富瀚微,半导体
2067,300614,百川畅银,环境保护
2068,300615,欣天科技,元器件
2069,300616,尚品宅配,家居用品
2070,300617,安靠智电,电气设备
2071,300618,寒锐钴业,小金属
2072,300619,金银河,专用机械
2073,300620,光库科技,元器件
2074,300621,维业股份,装修装饰
2075,300622,博士眼镜,其他商业
2076,300623,捷捷微电,半导体
2077,300624,万兴科技,软件服务
2078,300625,三雄极光,半导体
2079,300626,华瑞股份,电气设备
2080,300627,华测导航,通信设备
2081,300628,亿联网络,通信设备
2082,300629,新劲刚,元器件
2083,300630,普利制药,化学制药
2084,300631,久吾高科,环境保护
2085,300632,光莆股份,半导体
2086,300633,开立医疗,医疗保健
2087,300634,彩讯股份,软件服务
2088,300635,中达安,建筑工程
2089,300636,同和药业,化学制药
2090,300637,扬帆新材,化工原料
2091,300638,广和通,通信设备
2092,300639,凯普生物,医疗保健
2093,300640,德艺文创,文教休闲
2094,300641,正丹股份,化工原料
2095,300642,透景生命,医疗保健
2096,300643,万通智控,汽车配件
2097,300644,南京聚隆,塑料
2098,300645,正元智慧,软件服务
2099,300647,超频三,元器件
2100,300648,星云股份,电器仪表
2101,300649,杭州园林,建筑工程
2102,300650,太龙照明,电气设备
2103,300651,金陵体育,文教休闲
2104,300652,雷迪克,汽车配件
2105,300653,正海生物,医疗保健
2106,300654,世纪天鸿,出版业
2107,300655,晶瑞股份,化工原料
2108,300656,民德电子,IT设备
2109,300657,弘信电子,元器件
2110,300658,延江股份,纺织
2111,300659,中孚信息,软件服务
2112,300660,江苏雷利,电气设备
2113,300661,圣邦股份,元器件
2114,300662,科锐国际,综合类
2115,300663,科蓝软件,软件服务
2116,300664,鹏鹞环保,环境保护
2117,300665,飞鹿股份,染料涂料
2118,300666,江丰电子,元器件
2119,300667,必创科技,电器仪表
2120,300668,杰恩设计,装修装饰
2121,300669,沪宁股份,机械基件
2122,300670,大烨智能,电气设备
2123,300671,富满电子,半导体
2124,300672,国科微,半导体
2125,300673,佩蒂股份,饲料
2126,300674,宇信科技,软件服务
2127,300675,建科院,建筑工程
2128,300676,华大基因,医疗保健
2129,300677,英科医疗,医疗保健
2130,300678,中科信息,软件服务
2131,300679,电连技术,元器件
2132,300680,隆盛科技,汽车配件
2133,300681,英搏尔,汽车配件
2134,300682,朗新科技,软件服务
2135,300683,海特生物,生物制药
2136,300684,中石科技,化工原料
2137,300685,艾德生物,生物制药
2138,300686,智动力,元器件
2139,300687,赛意信息,软件服务
2140,300688,创业黑马,综合类
2141,300689,澄天伟业,元器件
2142,300690,双一科技,电气设备
2143,300691,联合光电,元器件
2144,300692,中环环保,环境保护
2145,300693,盛弘股份,电气设备
2146,300694,蠡湖股份,汽车配件
2147,300695,兆丰股份,汽车配件
2148,300696,爱乐达,航空
2149,300697,电工合金,铜
2150,300698,万马科技,通信设备
2151,300699,光威复材,化工原料
2152,300700,岱勒新材,矿物制品
2153,300701,森霸传感,元器件
2154,300702,天宇股份,化学制药
2155,300703,创源股份,文教休闲
2156,300705,九典制药,化学制药
2157,300706,阿石创,元器件
2158,300707,威唐工业,专用机械
2159,300708,聚灿光电,半导体
2160,300709,精研科技,元器件
2161,300710,万隆光电,通信设备
2162,300711,广哈通信,通信设备
2163,300712,永福股份,建筑工程
2164,300713,英可瑞,电气设备
2165,300715,凯伦股份,其他建材
2166,300716,国立科技,塑料
2167,300717,华信新材,塑料
2168,300718,长盛轴承,机械基件
2169,300719,安达维尔,航空
2170,300720,海川智能,电器仪表
2171,300721,怡达股份,化工原料
2172,300722,新余国科,专用机械
2173,300723,一品红,化学制药
2174,300724,捷佳伟创,专用机械
2175,300725,药石科技,化学制药
2176,300726,宏达电子,元器件
2177,300727,润禾材料,化工原料
2178,300729,乐歌股份,家居用品
2179,300730,科创信息,软件服务
2180,300731,科创新源,橡胶
2181,300732,设研院,建筑工程
2182,300733,西菱动力,汽车配件
2183,300735,光弘科技,通信设备
2184,300736,百邦科技,通信设备
2185,300737,科顺股份,其他建材
2186,300738,奥飞数据,电信运营
2187,300739,明阳电路,元器件
2188,300740,水羊股份,日用化工
2189,300741,华宝股份,食品
2190,300742,越博动力,汽车配件
2191,300743,天地数码,IT设备
2192,300745,欣锐科技,汽车配件
2193,300746,汉嘉设计,建筑工程
2194,300747,锐科激光,元器件
2195,300748,金力永磁,元器件
2196,300749,顶固集创,家居用品
2197,300750,宁德时代,电气设备
2198,300751,迈为股份,专用机械
2199,300752,隆利科技,元器件
2200,300753,爱朋医疗,医疗保健
2201,300755,华致酒行,其他商业
2202,300756,金马游乐,专用机械
2203,300757,罗博特科,专用机械
2204,300758,七彩化学,染料涂料
2205,300759,康龙化成,化学制药
2206,300760,迈瑞医疗,医疗保健
2207,300761,立华股份,农业综合
2208,300762,上海瀚讯,通信设备
2209,300763,锦浪科技,电气设备
2210,300765,新诺威,食品
2211,300766,每日互动,互联网
2212,300767,震安科技,橡胶
2213,300768,迪普科技,软件服务
2214,300769,德方纳米,化工原料
2215,300770,新媒股份,影视音像
2216,300771,智莱科技,IT设备
2217,300772,运达股份,电气设备
2218,300773,拉卡拉,软件服务
2219,300775,三角防务,航空
2220,300776,帝尔激光,专用机械
2221,300777,中简科技,化纤
2222,300778,新城市,建筑工程
2223,300779,惠城环保,环境保护
2224,300780,德恩精工,机械基件
2225,300781,因赛集团,广告包装
2226,300782,卓胜微,元器件
2227,300783,三只松鼠,食品
2228,300785,值得买,互联网
2229,300786,国林科技,环境保护
2230,300787,海能实业,通信设备
2231,300788,中信出版,出版业
2232,300789,唐源电气,软件服务
2233,300790,宇瞳光学,电器仪表
2234,300791,仙乐健康,医疗保健
2235,300792,壹网壹创,互联网
2236,300793,佳禾智能,IT设备
2237,300795,*ST米奥,综合类
2238,300796,贝斯美,化工原料
2239,300797,钢研纳克,电器仪表
2240,300798,锦鸡股份,染料涂料
2241,300799,左江科技,软件服务
2242,300800,力合科技,环境保护
2243,300801,泰和科技,化工原料
2244,300802,矩子科技,IT设备
2245,300803,指南针,软件服务
2246,300805,电声股份,广告包装
2247,300806,斯迪克,塑料
2248,300807,天迈科技,软件服务
2249,300808,久量股份,家用电器
2250,300809,华辰装备,机床制造
2251,300810,中科海讯,软件服务
2252,300811,铂科新材,元器件
2253,300812,易天股份,专用机械
2254,300813,泰林生物,医疗保健
2255,300815,玉禾田,环境保护
2256,300816,艾可蓝,环境保护
2257,300817,双飞股份,机械基件
2258,300818,耐普矿机,专用机械
2259,300819,聚杰微纤,化纤
2260,300820,英杰电气,电气设备
2261,300821,东岳硅材,化工原料
2262,300822,贝仕达克,元器件
2263,300823,建科机械,专用机械
2264,300824,北鼎股份,家用电器
2265,300825,阿尔特,汽车服务
2266,300826,测绘股份,建筑工程
2267,300827,上能电气,电气设备
2268,300828,锐新科技,铝
2269,300829,金丹科技,食品
2270,300830,金现代,软件服务
2271,300831,派瑞股份,元器件
2272,300832,新产业,医疗保健
2273,300833,浩洋股份,专用机械
2274,300835,龙磁科技,元器件
2275,300836,佰奥智能,专用机械
2276,300837,浙矿股份,专用机械
2277,300838,浙江力诺,电器仪表
2278,300839,博汇股份,石油加工
2279,300840,酷特智能,服饰
2280,300841,康华生物,生物制药
2281,300842,帝科股份,半导体
2282,300843,胜蓝股份,元器件
2283,300845,捷安高科,软件服务
2284,300846,首都在线,软件服务
2285,300847,中船汉光,化工原料
2286,300848,美瑞新材,化工原料
2287,300849,锦盛新材,塑料
2288,300850,新强联,机械基件
2289,300851,交大思诺,软件服务
2290,300852,四会富仕,元器件
2291,300853,申昊科技,电器仪表
2292,300855,图南股份,钢加工
2293,300856,科思股份,化工原料
2294,300857,协创数据,IT设备
2295,300858,科拓生物,食品
2296,300859,*ST西域,旅游服务
2297,300860,锋尚文化,文教休闲
2298,300861,美畅股份,矿物制品
2299,300862,蓝盾光电,电器仪表
2300,300863,卡倍亿,汽车配件
2301,300864,南大环境,环境保护
2302,300865,大宏立,专用机械
2303,300866,安克创新,元器件
2304,300867,圣元环保,环境保护
2305,300868,杰美特,通信设备
2306,300869,康泰医学,医疗保健
2307,300870,欧陆通,元器件
2308,300871,回盛生物,农业综合
2309,300872,天阳科技,软件服务
2310,300873,海晨股份,仓储物流
2311,300875,捷强装备,专用机械
2312,300876,蒙泰高新,化纤
2313,300877,金春股份,纺织
2314,300878,维康药业,中成药
2315,300879,大叶股份,农用机械
2316,300880,迦南智能,电器仪表
2317,300881,盛德鑫泰,钢加工
2318,300882,万胜智能,电器仪表
2319,300883,龙利得,造纸
2320,300884,狄耐克,通信设备
2321,300885,海昌新材,机械基件
2322,300886,华业香料,化工原料
2323,300887,谱尼测试,综合类
2324,300888,稳健医疗,医疗保健
2325,300889,爱克股份,电气设备
2326,300890,翔丰华,矿物制品
2327,300891,惠云钛业,化工原料
2328,300892,品渥食品,乳制品
2329,300893,松原股份,汽车配件
2330,300894,火星人,家用电器
2331,300895,铜牛信息,软件服务
2332,300896,爱美客,医疗保健
2333,300897,山科智能,电器仪表
2334,300898,熊猫乳品,乳制品
2335,300899,上海凯鑫,环境保护
2336,300900,广联航空,航空
2337,300901,中胤时尚,服饰
2338,300902,国安达,专用机械
2339,300903,科翔股份,元器件
2340,300905,宝丽迪,塑料
2341,300906,日月明,专用机械
2342,300907,康平科技,电气设备
2343,300908,仲景食品,食品
2344,300909,汇创达,元器件
2345,300910,瑞丰新材,化工原料
2346,300911,亿田智能,家用电器
2347,300912,凯龙高科,环境保护
2348,300913,兆龙互连,电气设备
2349,300915,海融科技,食品
2350,300916,朗特智能,元器件
2351,300917,特发服务,房产服务
2352,300918,南山智尚,纺织
2353,300919,中伟股份,化工原料
2354,300920,润阳科技,塑料
2355,300921,南凌科技,互联网
2356,300922,天秦装备,专用机械
2357,300923,研奥股份,运输设备
2358,300925,法本信息,软件服务
2359,300926,博俊科技,汽车配件
2360,300927,江天化学,化工原料
2361,300928,华安鑫创,汽车配件
2362,300929,华骐环保,环境保护
2363,300930,屹通新材,小金属
2364,300931,通用电梯,运输设备
2365,300932,三友联众,元器件
2366,300933,中辰股份,电气设备
2367,300935,盈建科,软件服务
2368,300936,中英科技,元器件
2369,300937,药易购,医药商业
2370,300938,信测标准,综合类
2371,300939,秋田微,元器件
2372,300940,南极光,元器件
2373,300941,创识科技,软件服务
2374,300942,易瑞生物,生物制药
2375,300943,春晖智控,机械基件
2376,300945,曼卡龙,服饰
2377,300946,恒而达,机械基件
2378,300947,德必集团,综合类
2379,300948,冠中生态,环境保护
2380,300949,奥雅设计,建筑工程
2381,300950,德固特,专用机械
2382,300951,博硕科技,元器件
2383,300952,恒辉安防,纺织
2384,300953,震裕科技,机械基件
2385,300955,嘉亨家化,塑料
2386,300956,英力股份,IT设备
2387,300957,贝泰妮,日用化工
2388,300958,建工修复,环境保护
2389,300959,线上线下,通信设备
2390,300960,通业科技,运输设备
2391,300961,深水海纳,环境保护
2392,300962,中金辐照,综合类
2393,300963,中洲特材,小金属
2394,300965,恒宇信通,元器件
2395,300966,共同药业,化学制药
2396,300967,晓鸣股份,农业综合
2397,300968,格林精密,元器件
2398,300969,恒帅股份,汽车配件
2399,300970,华绿生物,种植业
2400,300971,博亚精工,机械基件
2401,300972,万辰生物,种植业
2402,300973,立高食品,食品
2403,300975,商络电子,元器件
2404,300976,达瑞电子,元器件
2405,300977,深圳瑞捷,建筑工程
2406,300978,东箭科技,汽车配件
2407,300979,华利集团,服饰
2408,300980,祥源新材,塑料
2409,300981,中红医疗,医疗保健
2410,300982,苏文电能,建筑工程
2411,300983,尤安设计,建筑工程
2412,300984,金沃股份,机械基件
2413,300985,致远新能,汽车配件
2414,300986,志特新材,铝
2415,300987,川网传媒,互联网
2416,300988,津荣天宇,机械基件
2417,300989,蕾奥规划,建筑工程
2418,300990,同飞股份,专用机械
2419,300991,创益通,元器件
2420,300992,泰福泵业,专用机械
2421,300993,玉马遮阳,化工原料
2422,300995,奇德新材,塑料
2423,300996,普联软件,软件服务
2424,300997,欢乐家,软饮料
2425,300998,宁波方正,汽车配件
2426,300999,金龙鱼,食品
2427,301000,肇民科技,塑料
2428,301001,凯淳股份,互联网
2429,301002,崧盛股份,电气设备
2430,301003,江苏博云,塑料
2431,301004,嘉益股份,家居用品
2432,301005,超捷股份,汽车配件
2433,301006,迈拓股份,电器仪表
2434,301007,德迈仕,汽车配件
2435,301008,宏昌科技,电气设备
2436,301009,可靠股份,造纸
2437,301010,晶雪节能,其他建材
2438,301011,华立科技,文教休闲
2439,301012,扬电科技,电气设备
2440,301013,利和兴,专用机械
2441,301015,百洋医药,医药商业
2442,301016,雷尔伟,运输设备
2443,301017,漱玉平民,医药商业
2444,301018,申菱环境,专用机械
2445,301019,宁波色母,塑料
2446,301020,密封科技,机械基件
2447,301021,英诺激光,元器件
2448,301022,海泰科,专用机械
2449,301023,江南奕帆,电气设备
2450,301025,C读客,出版业
2451,301026,C浩通,小金属
2452,301027,C华蓝,建筑工程
2453,301028,C东亚,专用机械
2454,301030,仕净科技,环境保护
2455,301031,C中熔,电气设备
2456,301032,新柴股份,机械基件
2457,301039,中集车辆,汽车整车
2458,600000,浦发银行,银行
2459,600004,白云机场,机场
2460,600006,东风汽车,汽车整车
2461,600007,中国国贸,园区开发
2462,600008,首创环保,环境保护
2463,600009,上海机场,机场
2464,600010,包钢股份,普钢
2465,600011,华能国际,火力发电
2466,600012,皖通高速,路桥
2467,600015,华夏银行,银行
2468,600016,民生银行,银行
2469,600017,日照港,港口
2470,600018,上港集团,港口
2471,600019,宝钢股份,普钢
2472,600020,中原高速,路桥
2473,600021,上海电力,火力发电
2474,600022,山东钢铁,普钢
2475,600023,浙能电力,火力发电
2476,600025,华能水电,水力发电
2477,600026,中远海能,水运
2478,600027,华电国际,火力发电
2479,600028,中国石化,石油加工
2480,600029,南方航空,空运
2481,600030,中信证券,证券
2482,600031,三一重工,工程机械
2483,600032,浙江新能,新型电力
2484,600033,福建高速,路桥
2485,600035,楚天高速,路桥
2486,600036,招商银行,银行
2487,600037,歌华有线,影视音像
2488,600038,中直股份,航空
2489,600039,四川路桥,建筑工程
2490,600048,保利地产,全国地产
2491,600050,中国联通,电信运营
2492,600051,宁波联合,综合类
2493,600052,浙江广厦,影视音像
2494,600053,九鼎投资,多元金融
2495,600054,黄山旅游,旅游景点
2496,600055,万东医疗,医疗保健
2497,600056,中国医药,医药商业
2498,600057,厦门象屿,仓储物流
2499,600058,五矿发展,商贸代理
2500,600059,古越龙山,红黄酒
2501,600060,海信视像,家用电器
2502,600061,国投资本,证券
2503,600062,华润双鹤,化学制药
2504,600063,皖维高新,化纤
2505,600064,南京高科,园区开发
2506,600066,宇通客车,汽车整车
2507,600067,冠城大通,全国地产
2508,600068,葛洲坝,建筑工程
2509,600070,浙江富润,互联网
2510,600071,凤凰光学,元器件
2511,600072,中船科技,船舶
2512,600073,上海梅林,食品
2513,600075,新疆天业,化工原料
2514,600076,康欣新材,其他建材
2515,600077,宋都股份,全国地产
2516,600078,*ST澄星,化工原料
2517,600079,人福医药,化学制药
2518,600080,金花股份,中成药
2519,600081,东风科技,汽车配件
2520,600082,海泰发展,园区开发
2521,600083,*ST博信,综合类
2522,600084,*ST中葡,红黄酒
2523,600085,同仁堂,中成药
2524,600088,中视传媒,影视音像
2525,600089,特变电工,电气设备
2526,600090,*ST济堂,医药商业
2527,600091,*ST明科,化工原料
2528,600093,*ST易见,仓储物流
2529,600094,大名城,区域地产
2530,600095,湘财股份,证券
2531,600096,云天化,农药化肥
2532,600097,开创国际,渔业
2533,600098,广州发展,火力发电
2534,600099,林海股份,摩托车
2535,600100,同方股份,IT设备
2536,600101,明星电力,水力发电
2537,600103,青山纸业,造纸
2538,600104,上汽集团,汽车整车
2539,600105,永鼎股份,通信设备
2540,600106,重庆路桥,路桥
2541,600107,美尔雅,服饰
2542,600108,亚盛集团,农业综合
2543,600109,国金证券,证券
2544,600110,诺德股份,电气设备
2545,600111,北方稀土,小金属
2546,600112,*ST天成,电气设备
2547,600113,浙江东日,区域地产
2548,600114,东睦股份,机械基件
2549,600115,中国东航,空运
2550,600116,三峡水利,水力发电
2551,600117,西宁特钢,特种钢
2552,600118,中国卫星,航空
2553,600119,长江投资,仓储物流
2554,600120,浙江东方,多元金融
2555,600121,郑州煤电,煤炭开采
2556,600122,ST宏图,其他商业
2557,600123,兰花科创,煤炭开采
2558,600125,铁龙物流,铁路
2559,600126,杭钢股份,普钢
2560,600127,金健米业,农业综合
2561,600128,弘业股份,商贸代理
2562,600129,太极集团,中成药
2563,600130,波导股份,通信设备
2564,600131,国网信通,通信设备
2565,600132,重庆啤酒,啤酒
2566,600133,东湖高新,园区开发
2567,600135,乐凯胶片,化工原料
2568,600136,当代文体,影视音像
2569,600137,浪莎股份,服饰
2570,600138,中青旅,旅游服务
2571,600139,ST西源,综合类
2572,600141,兴发集团,化工原料
2573,600143,金发科技,塑料
2574,600145,*ST新亿,陶瓷
2575,600146,*ST环球,服饰
2576,600148,长春一东,汽车配件
2577,600149,廊坊发展,综合类
2578,600150,中国船舶,船舶
2579,600151,航天机电,汽车配件
2580,600152,维科技术,电气设备
2581,600153,建发股份,商贸代理
2582,600155,华创阳安,证券
2583,600156,华升股份,纺织
2584,600157,永泰能源,火力发电
2585,600158,中体产业,文教休闲
2586,600159,大龙地产,区域地产
2587,600160,巨化股份,化工原料
2588,600161,天坛生物,生物制药
2589,600162,香江控股,全国地产
2590,600163,中闽能源,新型电力
2591,600165,新日恒力,化工原料
2592,600166,福田汽车,汽车整车
2593,600167,联美控股,供气供热
2594,600168,武汉控股,水务
2595,600169,太原重工,工程机械
2596,600170,上海建工,建筑工程
2597,600171,上海贝岭,半导体
2598,600172,黄河旋风,矿物制品
2599,600173,卧龙地产,全国地产
2600,600176,中国巨石,玻璃
2601,600177,雅戈尔,服饰
2602,600178,东安动力,汽车配件
2603,600179,安通控股,仓储物流
2604,600180,瑞茂通,仓储物流
2605,600182,SST佳通,汽车配件
2606,600183,生益科技,元器件
2607,600184,光电股份,专用机械
2608,600185,格力地产,区域地产
2609,600186,莲花健康,食品
2610,600187,国中水务,水务
2611,600188,兖州煤业,煤炭开采
2612,600189,泉阳泉,软饮料
2613,600190,锦州港,港口
2614,600191,*ST华资,食品
2615,600192,长城电工,电气设备
2616,600193,创兴资源,装修装饰
2617,600195,中牧股份,饲料
2618,600196,复星医药,化学制药
2619,600197,伊力特,白酒
2620,600198,*ST大唐,通信设备
2621,600199,金种子酒,白酒
2622,600200,江苏吴中,化学制药
2623,600201,生物股份,农业综合
2624,600202,哈空调,电气设备
2625,600203,福日电子,元器件
2626,600206,有研新材,半导体
2627,600207,安彩高科,供气供热
2628,600208,新湖中宝,全国地产
2629,600209,*ST罗顿,装修装饰
2630,600210,紫江企业,广告包装
2631,600211,西藏药业,中成药
2632,600212,江泉实业,综合类
2633,600213,亚星客车,汽车整车
2634,600215,长春经开,园区开发
2635,600216,浙江医药,化学制药
2636,600217,中再资环,环境保护
2637,600218,全柴动力,农用机械
2638,600219,南山铝业,铝
2639,600220,江苏阳光,纺织
2640,600221,*ST海航,空运
2641,600222,太龙药业,中成药
2642,600223,鲁商发展,区域地产
2643,600225,*ST松江,区域地产
2644,600226,ST瀚叶,互联网
2645,600227,圣济堂,化学制药
2646,600228,返利科技,互联网
2647,600229,城市传媒,出版业
2648,600230,沧州大化,农药化肥
2649,600231,凌钢股份,普钢
2650,600232,金鹰股份,纺织
2651,600233,圆通速递,仓储物流
2652,600234,山水文化,综合类
2653,600235,民丰特纸,造纸
2654,600236,桂冠电力,水力发电
2655,600237,铜峰电子,元器件
2656,600238,海南椰岛,红黄酒
2657,600239,*ST云城,区域地产
2658,600241,ST时万,商贸代理
2659,600242,ST中昌,软件服务
2660,600243,青海华鼎,机床制造
2661,600246,万通发展,区域地产
2662,600248,陕西建工,建筑工程
2663,600249,两面针,日用化工
2664,600250,南纺股份,商贸代理
2665,600251,冠农股份,农业综合
2666,600252,中恒集团,中成药
2667,600255,鑫科材料,铜
2668,600256,广汇能源,石油开采
2669,600257,大湖股份,渔业
2670,600258,首旅酒店,酒店餐饮
2671,600259,广晟有色,小金属
2672,600260,凯乐科技,通信设备
2673,600261,阳光照明,家用电器
2674,600262,北方股份,汽车整车
2675,600265,*ST景谷,林业
2676,600266,城建发展,区域地产
2677,600267,海正药业,化学制药
2678,600268,国电南自,电气设备
2679,600269,赣粤高速,路桥
2680,600271,航天信息,IT设备
2681,600272,开开实业,医药商业
2682,600273,嘉化能源,化工原料
2683,600275,*ST昌鱼,农业综合
2684,600276,恒瑞医药,化学制药
2685,600277,亿利洁能,化工原料
2686,600278,东方创业,商贸代理
2687,600279,重庆港九,港口
2688,600280,中央商场,百货
2689,600281,太化股份,综合类
2690,600282,南钢股份,普钢
2691,600283,钱江水利,水务
2692,600284,浦东建设,建筑工程
2693,600285,羚锐制药,中成药
2694,600287,江苏舜天,商贸代理
2695,600288,大恒科技,软件服务
2696,600289,ST信通,软件服务
2697,600290,ST华仪,电气设备
2698,600291,*ST西水,保险
2699,600292,远达环保,环境保护
2700,600293,三峡新材,互联网
2701,600295,鄂尔多斯,小金属
2702,600297,广汇汽车,汽车服务
2703,600298,安琪酵母,食品
2704,600299,安迪苏,化学制药
2705,600300,ST维维,软饮料
2706,600301,*ST南化,商贸代理
2707,600302,标准股份,纺织机械
2708,600303,曙光股份,汽车整车
2709,600305,恒顺醋业,食品
2710,600306,*ST商城,百货
2711,600307,酒钢宏兴,普钢
2712,600308,华泰股份,造纸
2713,600309,万华化学,化工原料
2714,600310,桂东电力,水力发电
2715,600311,ST荣华,黄金
2716,600312,平高电气,电气设备
2717,600313,农发种业,种植业
2718,600315,上海家化,日用化工
2719,600316,洪都航空,航空
2720,600318,新力金融,多元金融
2721,600319,*ST亚星,化工原料
2722,600320,振华重工,工程机械
2723,600321,正源股份,其他建材
2724,600322,天房发展,区域地产
2725,600323,瀚蓝环境,水务
2726,600325,华发股份,区域地产
2727,600326,西藏天路,水泥
2728,600327,大东方,汽车服务
2729,600328,中盐化工,化工原料
2730,600329,中新药业,中成药
2731,600330,天通股份,元器件
2732,600331,宏达股份,铅锌
2733,600332,白云山,中成药
2734,600333,长春燃气,供气供热
2735,600335,国机汽车,汽车配件
2736,600336,澳柯玛,家用电器
2737,600337,美克家居,家居用品
2738,600338,西藏珠峰,铅锌
2739,600339,中油工程,石油加工
2740,600340,华夏幸福,区域地产
2741,600343,航天动力,航空
2742,600345,长江通信,通信设备
2743,600346,恒力石化,化纤
2744,600348,华阳股份,煤炭开采
2745,600350,山东高速,路桥
2746,600351,亚宝药业,中成药
2747,600352,浙江龙盛,染料涂料
2748,600353,旭光电子,元器件
2749,600354,敦煌种业,种植业
2750,600355,精伦电子,元器件
2751,600356,恒丰纸业,造纸
2752,600358,国旅联合,旅游服务
2753,600359,新农开发,农业综合
2754,600360,华微电子,半导体
2755,600361,华联综超,超市连锁
2756,600362,江西铜业,铜
2757,600363,联创光电,元器件
2758,600365,ST通葡,红黄酒
2759,600366,宁波韵升,矿物制品
2760,600367,红星发展,化工原料
2761,600368,五洲交通,路桥
2762,600369,西南证券,证券
2763,600370,三房巷,化工原料
2764,600371,万向德农,种植业
2765,600372,中航电子,航空
2766,600373,中文传媒,出版业
2767,600375,汉马科技,汽车整车
2768,600376,首开股份,区域地产
2769,600377,宁沪高速,路桥
2770,600378,昊华科技,化工原料
2771,600379,宝光股份,电气设备
2772,600380,健康元,化学制药
2773,600381,青海春天,医疗保健
2774,600382,*ST广珠,商贸代理
2775,600383,金地集团,全国地产
2776,600385,*ST金泰,黄金
2777,600386,北巴传媒,汽车服务
2778,600387,ST海越,石油贸易
2779,600388,龙净环保,环境保护
2780,600389,江山股份,农药化肥
2781,600390,五矿资本,多元金融
2782,600391,航发科技,航空
2783,600392,盛和资源,小金属
2784,600393,ST粤泰,全国地产
2785,600395,盘江股份,煤炭开采
2786,600396,金山股份,火力发电
2787,600397,安源煤业,煤炭开采
2788,600398,海澜之家,服饰
2789,600399,抚顺特钢,特种钢
2790,600400,红豆股份,服饰
2791,600403,ST大有,煤炭开采
2792,600405,动力源,电气设备
2793,600406,国电南瑞,电气设备
2794,600408,ST安泰,焦炭加工
2795,600409,三友化工,化工原料
2796,600410,华胜天成,软件服务
2797,600415,小商品城,商品城
2798,600416,湘电股份,电气设备
2799,600418,江淮汽车,汽车整车
2800,600419,天润乳业,乳制品
2801,600420,国药现代,化学制药
2802,600421,华嵘控股,综合类
2803,600422,昆药集团,中成药
2804,600423,柳化股份,农药化肥
2805,600425,青松建化,水泥
2806,600426,华鲁恒升,农药化肥
2807,600428,中远海特,水运
2808,600429,三元股份,乳制品
2809,600433,冠豪高新,造纸
2810,600435,北方导航,专用机械
2811,600436,片仔癀,中成药
2812,600438,通威股份,饲料
2813,600439,瑞贝卡,服饰
2814,600444,国机通用,专用机械
2815,600446,金证股份,软件服务
2816,600448,华纺股份,纺织
2817,600449,宁夏建材,水泥
2818,600452,涪陵电力,水力发电
2819,600455,博通股份,文教休闲
2820,600456,宝钛股份,小金属
2821,600458,时代新材,塑料
2822,600459,贵研铂业,小金属
2823,600460,士兰微,半导体
2824,600461,洪城环境,水务
2825,600462,ST九有,广告包装
2826,600463,空港股份,园区开发
2827,600466,蓝光发展,区域地产
2828,600467,好当家,渔业
2829,600468,百利电气,电气设备
2830,600469,风神股份,汽车配件
2831,600470,六国化工,农药化肥
2832,600475,华光环能,环境保护
2833,600476,湘邮科技,软件服务
2834,600477,杭萧钢构,钢加工
2835,600478,科力远,元器件
2836,600479,千金药业,中成药
2837,600480,凌云股份,汽车配件
2838,600481,双良节能,环境保护
2839,600482,中国动力,电气设备
2840,600483,福能股份,火力发电
2841,600486,扬农化工,农药化肥
2842,600487,亨通光电,通信设备
2843,600488,天药股份,化学制药
2844,600489,中金黄金,黄金
2845,600490,鹏欣资源,铜
2846,600491,龙元建设,建筑工程
2847,600493,凤竹纺织,纺织
2848,600495,晋西车轴,运输设备
2849,600496,精工钢构,钢加工
2850,600497,驰宏锌锗,铅锌
2851,600498,烽火通信,通信设备
2852,600499,科达制造,专用机械
2853,600500,中化国际,商贸代理
2854,600501,航天晨光,汽车配件
2855,600502,安徽建工,建筑工程
2856,600503,华丽家族,区域地产
2857,600505,西昌电力,水力发电
2858,600506,*ST香梨,种植业
2859,600507,方大特钢,特种钢
2860,600508,上海能源,煤炭开采
2861,600509,天富能源,火力发电
2862,600510,黑牡丹,全国地产
2863,600511,国药股份,医药商业
2864,600512,腾达建设,建筑工程
2865,600513,联环药业,化学制药
2866,600515,*ST基础,全国地产
2867,600516,方大炭素,矿物制品
2868,600517,国网英大,电气设备
2869,600518,*ST康美,中成药
2870,600519,贵州茅台,白酒
2871,600520,文一科技,机械基件
2872,600521,华海药业,化学制药
2873,600522,中天科技,通信设备
2874,600523,贵航股份,汽车配件
2875,600525,长园集团,电气设备
2876,600526,菲达环保,环境保护
2877,600527,江南高纤,化纤
2878,600528,中铁工业,运输设备
2879,600529,山东药玻,医疗保健
2880,600530,交大昂立,医疗保健
2881,600531,豫光金铅,铅锌
2882,600532,未来股份,医疗保健
2883,600533,栖霞建设,区域地产
2884,600535,天士力,中成药
2885,600536,中国软件,软件服务
2886,600537,亿晶光电,电气设备
2887,600538,国发股份,医药商业
2888,600539,狮头股份,水泥
2889,600540,新赛股份,种植业
2890,600543,莫高股份,红黄酒
2891,600545,卓郎智能,纺织机械
2892,600546,山煤国际,煤炭开采
2893,600547,山东黄金,黄金
2894,600548,深高速,路桥
2895,600549,厦门钨业,小金属
2896,600550,保变电气,电气设备
2897,600551,时代出版,出版业
2898,600552,凯盛科技,玻璃
2899,600555,*ST海创,旅游服务
2900,600556,天下秀,互联网
2901,600557,康缘药业,中成药
2902,600558,大西洋,钢加工
2903,600559,老白干酒,白酒
2904,600560,金自天正,电气设备
2905,600561,江西长运,公共交通
2906,600562,国睿科技,通信设备
2907,600563,法拉电子,元器件
2908,600565,迪马股份,全国地产
2909,600566,济川药业,中成药
2910,600567,山鹰国际,造纸
2911,600568,ST中珠,区域地产
2912,600569,安阳钢铁,普钢
2913,600570,恒生电子,软件服务
2914,600571,信雅达,软件服务
2915,600572,康恩贝,中成药
2916,600573,惠泉啤酒,啤酒
2917,600575,淮河能源,水运
2918,600576,祥源文化,影视音像
2919,600577,精达股份,电气设备
2920,600578,京能电力,火力发电
2921,600579,克劳斯,化工机械
2922,600580,卧龙电驱,电气设备
2923,600581,八一钢铁,普钢
2924,600582,天地科技,工程机械
2925,600583,海油工程,石油开采
2926,600584,长电科技,半导体
2927,600585,海螺水泥,水泥
2928,600586,金晶科技,玻璃
2929,600587,新华医疗,医疗保健
2930,600588,用友网络,软件服务
2931,600589,ST榕泰,塑料
2932,600590,泰豪科技,电气设备
2933,600592,龙溪股份,机械基件
2934,600593,大连圣亚,旅游服务
2935,600594,益佰制药,中成药
2936,600595,*ST中孚,铝
2937,600596,新安股份,化工原料
2938,600597,光明乳业,乳制品
2939,600598,北大荒,种植业
2940,600599,ST熊猫,多元金融
2941,600600,青岛啤酒,啤酒
2942,600601,ST方科,IT设备
2943,600602,云赛智联,软件服务
2944,600603,广汇物流,仓储物流
2945,600604,市北高新,园区开发
2946,600605,汇通能源,房产服务
2947,600606,绿地控股,全国地产
2948,600608,ST沪科,钢加工
2949,600609,金杯汽车,汽车配件
2950,600610,中毅达,化工原料
2951,600611,大众交通,公共交通
2952,600612,老凤祥,服饰
2953,600613,神奇制药,中成药
2954,600615,*ST丰华,小金属
2955,600616,金枫酒业,红黄酒
2956,600617,国新能源,供气供热
2957,600618,氯碱化工,化工原料
2958,600619,海立股份,机械基件
2959,600620,天宸股份,综合类
2960,600621,华鑫股份,证券
2961,600622,光大嘉宝,区域地产
2962,600623,华谊集团,汽车配件
2963,600624,复旦复华,化学制药
2964,600626,申达股份,纺织
2965,600628,新世界,百货
2966,600629,华建集团,建筑工程
2967,600630,龙头股份,纺织
2968,600633,浙数文化,互联网
2969,600635,大众公用,供气供热
2970,600636,国新文化,化工原料
2971,600637,东方明珠,影视音像
2972,600638,新黄浦,区域地产
2973,600639,浦东金桥,园区开发
2974,600640,号百控股,影视音像
2975,600641,万业企业,区域地产
2976,600642,申能股份,火力发电
2977,600643,爱建集团,多元金融
2978,600644,乐山电力,水力发电
2979,600645,中源协和,生物制药
2980,600647,同达创业,综合类
2981,600648,外高桥,园区开发
2982,600649,城投控股,区域地产
2983,600650,锦江在线,公共交通
2984,600651,飞乐音响,电器仪表
2985,600652,*ST游久,互联网
2986,600653,申华控股,汽车服务
2987,600654,ST中安,软件服务
2988,600655,豫园股份,百货
2989,600657,信达地产,全国地产
2990,600658,电子城,园区开发
2991,600660,福耀玻璃,汽车配件
2992,600661,昂立教育,文教休闲
2993,600662,强生控股,公共交通
2994,600663,陆家嘴,园区开发
2995,600664,哈药股份,化学制药
2996,600665,天地源,全国地产
2997,600666,ST瑞德,元器件
2998,600667,太极实业,半导体
2999,600668,尖峰集团,水泥
3000,600671,ST目药,中成药
3001,600673,东阳光,化学制药
3002,600674,川投能源,水力发电
3003,600675,中华企业,区域地产
3004,600676,交运股份,公共交通
3005,600678,四川金顶,水泥
3006,600679,上海凤凰,文教休闲
3007,600681,百川能源,供气供热
3008,600682,南京新百,百货
3009,600683,京投发展,区域地产
3010,600684,珠江股份,全国地产
3011,600685,中船防务,船舶
3012,600686,金龙汽车,汽车整车
3013,600688,上海石化,石油加工
3014,600689,上海三毛,纺织
3015,600690,海尔智家,家用电器
3016,600691,阳煤化工,农药化肥
3017,600692,亚通股份,房产服务
3018,600693,东百集团,百货
3019,600694,大商股份,百货
3020,600695,*ST绿庭,多元金融
3021,600696,岩石股份,区域地产
3022,600697,欧亚集团,百货
3023,600698,湖南天雁,汽车配件
3024,600699,均胜电子,汽车配件
3025,600702,舍得酒业,白酒
3026,600703,三安光电,半导体
3027,600704,物产中大,商贸代理
3028,600705,中航产融,多元金融
3029,600706,曲江文旅,旅游服务
3030,600707,彩虹股份,元器件
3031,600708,光明地产,全国地产
3032,600710,苏美达,工程机械
3033,600711,盛屯矿业,小金属
3034,600712,南宁百货,百货
3035,600713,南京医药,医药商业
3036,600714,金瑞矿业,化工原料
3037,600715,文投控股,影视音像
3038,600716,凤凰股份,区域地产
3039,600717,天津港,港口
3040,600718,东软集团,软件服务
3041,600719,大连热电,供气供热
3042,600720,祁连山,水泥
3043,600721,*ST百花,生物制药
3044,600722,金牛化工,化工原料
3045,600723,首商股份,百货
3046,600724,宁波富达,水泥
3047,600725,云维股份,焦炭加工
3048,600726,华电能源,火力发电
3049,600727,鲁北化工,化工原料
3050,600728,佳都科技,软件服务
3051,600729,重庆百货,百货
3052,600730,中国高科,综合类
3053,600731,湖南海利,农药化肥
3054,600732,爱旭股份,电气设备
3055,600733,北汽蓝谷,汽车整车
3056,600734,*ST实达,IT设备
3057,600735,新华锦,商贸代理
3058,600736,苏州高新,园区开发
3059,600737,中粮糖业,食品
3060,600738,丽尚国潮,百货
3061,600739,辽宁成大,商贸代理
3062,600740,山西焦化,焦炭加工
3063,600741,华域汽车,汽车配件
3064,600742,一汽富维,汽车配件
3065,600743,华远地产,区域地产
3066,600744,华银电力,火力发电
3067,600745,闻泰科技,通信设备
3068,600746,江苏索普,化工原料
3069,600748,上实发展,全国地产
3070,600749,西藏旅游,旅游景点
3071,600750,江中药业,中成药
3072,600751,海航科技,软件服务
3073,600753,东方银星,商贸代理
3074,600754,锦江酒店,酒店餐饮
3075,600755,厦门国贸,商贸代理
3076,600756,浪潮软件,软件服务
3077,600757,长江传媒,出版业
3078,600758,辽宁能源,煤炭开采
3079,600759,洲际油气,石油开采
3080,600760,中航沈飞,航空
3081,600761,安徽合力,工程机械
3082,600763,通策医疗,医疗保健
3083,600764,中国海防,通信设备
3084,600765,中航重机,航空
3085,600766,*ST园城,黄金
3086,600767,ST运盛,医疗保健
3087,600768,宁波富邦,铝
3088,600769,祥龙电业,建筑工程
3089,600770,综艺股份,综合类
3090,600771,广誉远,中成药
3091,600773,西藏城投,区域地产
3092,600774,汉商集团,百货
3093,600775,南京熊猫,通信设备
3094,600776,东方通信,通信设备
3095,600777,新潮能源,石油开采
3096,600778,友好集团,百货
3097,600779,水井坊,白酒
3098,600780,通宝能源,火力发电
3099,600781,ST辅仁,中成药
3100,600782,新钢股份,普钢
3101,600783,鲁信创投,多元金融
3102,600784,鲁银投资,综合类
3103,600785,新华百货,百货
3104,600787,中储股份,仓储物流
3105,600789,鲁抗医药,化学制药
3106,600790,轻纺城,商品城
3107,600791,京能置业,全国地产
3108,600792,云煤能源,焦炭加工
3109,600793,宜宾纸业,造纸
3110,600794,保税科技,仓储物流
3111,600795,国电电力,火力发电
3112,600796,钱江生化,农药化肥
3113,600797,浙大网新,软件服务
3114,600798,宁波海运,水运
3115,600800,渤海化学,化工原料
3116,600801,华新水泥,水泥
3117,600802,福建水泥,水泥
3118,600803,新奥股份,供气供热
3119,600804,鹏博士,电信运营
3120,600805,悦达投资,综合类
3121,600807,济南高新,区域地产
3122,600808,马钢股份,普钢
3123,600809,山西汾酒,白酒
3124,600810,神马股份,化纤
3125,600811,东方集团,农业综合
3126,600812,华北制药,化学制药
3127,600814,杭州解百,百货
3128,600815,厦工股份,工程机械
3129,600816,ST安信,多元金融
3130,600817,宏盛科技,多元金融
3131,600818,中路股份,文教休闲
3132,600819,耀皮玻璃,玻璃
3133,600820,隧道股份,建筑工程
3134,600821,金开新能,新型电力
3135,600822,上海物贸,商贸代理
3136,600823,世茂股份,全国地产
3137,600824,益民集团,百货
3138,600825,新华传媒,出版业
3139,600826,兰生股份,商贸代理
3140,600827,百联股份,超市连锁
3141,600828,茂业商业,百货
3142,600829,人民同泰,医药商业
3143,600830,香溢融通,多元金融
3144,600831,广电网络,影视音像
3145,600833,第一医药,医药商业
3146,600834,申通地铁,公共交通
3147,600835,上海机电,运输设备
3148,600836,上海易连,广告包装
3149,600837,海通证券,证券
3150,600838,上海九百,百货
3151,600839,四川长虹,家用电器
3152,600841,上柴股份,机械基件
3153,600843,上工申贝,纺织机械
3154,600844,丹化科技,化工原料
3155,600845,宝信软件,软件服务
3156,600846,同济科技,建筑工程
3157,600847,万里股份,电气设备
3158,600848,上海临港,园区开发
3159,600850,电科数字,软件服务
3160,600851,海欣股份,化学制药
3161,600853,龙建股份,建筑工程
3162,600854,春兰股份,家用电器
3163,600855,航天长峰,专用机械
3164,600856,ST中天,供气供热
3165,600857,宁波中百,百货
3166,600858,银座股份,百货
3167,600859,王府井,百货
3168,600860,京城股份,专用机械
3169,600861,北京城乡,百货
3170,600862,中航高科,航空
3171,600863,内蒙华电,火力发电
3172,600864,哈投股份,证券
3173,600865,百大集团,百货
3174,600866,星湖科技,食品
3175,600867,通化东宝,生物制药
3176,600868,梅雁吉祥,水力发电
3177,600869,远东股份,电气设备
3178,600870,*ST厦华,家用电器
3179,600871,石化油服,石油开采
3180,600872,中炬高新,食品
3181,600873,梅花生物,食品
3182,600874,创业环保,环境保护
3183,600875,东方电气,电气设备
3184,600876,洛阳玻璃,玻璃
3185,600877,电能股份,电气设备
3186,600879,航天电子,航空
3187,600880,博瑞传播,广告包装
3188,600881,亚泰集团,水泥
3189,600882,妙可蓝多,乳制品
3190,600883,博闻科技,水泥
3191,600884,杉杉股份,综合类
3192,600885,宏发股份,电气设备
3193,600886,国投电力,水力发电
3194,600887,伊利股份,乳制品
3195,600888,新疆众和,铝
3196,600889,南京化纤,化纤
3197,600890,*ST中房,区域地产
3198,600892,大晟文化,影视音像
3199,600893,航发动力,航空
3200,600894,广日股份,运输设备
3201,600895,张江高科,园区开发
3202,600896,*ST海医,医疗保健
3203,600897,厦门空港,机场
3204,600898,ST美讯,通信设备
3205,600900,长江电力,水力发电
3206,600901,江苏租赁,多元金融
3207,600903,贵州燃气,供气供热
3208,600905,三峡能源,新型电力
3209,600906,财达证券,证券
3210,600908,无锡银行,银行
3211,600909,华安证券,证券
3212,600916,中国黄金,黄金
3213,600917,重庆燃气,供气供热
3214,600918,中泰证券,证券
3215,600919,江苏银行,银行
3216,600926,杭州银行,银行
3217,600928,西安银行,银行
3218,600929,雪天盐业,食品
3219,600933,爱柯迪,汽车配件
3220,600936,广西广电,影视音像
3221,600939,重庆建工,建筑工程
3222,600956,新天绿能,供气供热
3223,600958,东方证券,证券
3224,600959,江苏有线,影视音像
3225,600960,渤海汽车,汽车配件
3226,600961,株冶集团,铅锌
3227,600962,国投中鲁,软饮料
3228,600963,岳阳林纸,造纸
3229,600965,福成股份,农业综合
3230,600966,博汇纸业,造纸
3231,600967,内蒙一机,运输设备
3232,600968,海油发展,石油开采
3233,600969,郴电国际,水力发电
3234,600970,中材国际,建筑工程
3235,600971,恒源煤电,煤炭开采
3236,600973,宝胜股份,电气设备
3237,600975,新五丰,农业综合
3238,600976,健民集团,中成药
3239,600977,中国电影,影视音像
3240,600979,广安爱众,水力发电
3241,600980,北矿科技,元器件
3242,600981,汇鸿集团,商贸代理
3243,600982,宁波能源,供气供热
3244,600983,惠而浦,家用电器
3245,600984,建设机械,工程机械
3246,600985,淮北矿业,煤炭开采
3247,600986,浙文互联,互联网
3248,600987,航民股份,纺织
3249,600988,赤峰黄金,黄金
3250,600989,宝丰能源,化工原料
3251,600990,四创电子,通信设备
3252,600992,贵绳股份,钢加工
3253,600993,马应龙,中成药
3254,600995,文山电力,水力发电
3255,600996,贵广网络,影视音像
3256,600997,开滦股份,煤炭开采
3257,600998,九州通,医药商业
3258,600999,招商证券,证券
3259,601000,唐山港,港口
3260,601001,晋控煤业,煤炭开采
3261,601002,晋亿实业,机械基件
3262,601003,柳钢股份,普钢
3263,601005,重庆钢铁,普钢
3264,601006,大秦铁路,铁路
3265,601007,金陵饭店,酒店餐饮
3266,601008,连云港,港口
3267,601009,南京银行,银行
3268,601010,文峰股份,超市连锁
3269,601011,宝泰隆,焦炭加工
3270,601012,隆基股份,电气设备
3271,601015,陕西黑猫,焦炭加工
3272,601016,节能风电,新型电力
3273,601018,宁波港,港口
3274,601019,山东出版,出版业
3275,601020,ST华钰,铅锌
3276,601021,春秋航空,空运
3277,601028,玉龙股份,商贸代理
3278,601038,一拖股份,农用机械
3279,601058,赛轮轮胎,汽车配件
3280,601066,中信建投,证券
3281,601068,中铝国际,建筑工程
3282,601069,西部黄金,黄金
3283,601077,渝农商行,银行
3284,601086,国芳集团,百货
3285,601088,中国神华,煤炭开采
3286,601098,中南传媒,出版业
3287,601099,太平洋,证券
3288,601100,恒立液压,工程机械
3289,601101,昊华能源,煤炭开采
3290,601106,中国一重,工程机械
3291,601107,四川成渝,路桥
3292,601108,财通证券,证券
3293,601111,中国国航,空运
3294,601113,ST华鼎,化纤
3295,601116,三江购物,超市连锁
3296,601117,中国化学,建筑工程
3297,601118,海南橡胶,橡胶
3298,601126,四方股份,电气设备
3299,601127,小康股份,汽车配件
3300,601128,常熟银行,银行
3301,601137,博威合金,铜
3302,601138,工业富联,通信设备
3303,601139,深圳燃气,供气供热
3304,601155,新城控股,区域地产
3305,601156,东航物流,空运
3306,601158,重庆水务,水务
3307,601162,天风证券,证券
3308,601163,三角轮胎,汽车配件
3309,601166,兴业银行,银行
3310,601168,西部矿业,铜
3311,601169,北京银行,银行
3312,601177,杭齿前进,机械基件
3313,601179,中国西电,电气设备
3314,601186,中国铁建,建筑工程
3315,601187,厦门银行,银行
3316,601188,龙江交通,路桥
3317,601198,东兴证券,证券
3318,601199,江南水务,水务
3319,601200,上海环境,环境保护
3320,601208,东材科技,化工原料
3321,601211,国泰君安,证券
3322,601212,白银有色,铜
3323,601216,君正集团,化工原料
3324,601218,吉鑫科技,机械基件
3325,601222,林洋能源,电器仪表
3326,601225,陕西煤业,煤炭开采
3327,601226,华电重工,专用机械
3328,601228,广州港,港口
3329,601229,上海银行,银行
3330,601231,环旭电子,元器件
3331,601233,桐昆股份,化纤
3332,601236,红塔证券,证券
3333,601238,广汽集团,汽车整车
3334,601258,庞大集团,汽车服务
3335,601279,英利汽车,汽车配件
3336,601288,农业银行,银行
3337,601298,青岛港,港口
3338,601311,骆驼股份,电气设备
3339,601318,中国平安,保险
3340,601319,中国人保,保险
3341,601326,秦港股份,港口
3342,601328,交通银行,银行
3343,601330,绿色动力,环境保护
3344,601333,广深铁路,铁路
3345,601336,新华保险,保险
3346,601339,百隆东方,纺织
3347,601360,三六零,互联网
3348,601366,利群股份,百货
3349,601368,绿城水务,水务
3350,601369,陕鼓动力,机械基件
3351,601375,中原证券,证券
3352,601377,兴业证券,证券
3353,601388,怡球资源,铝
3354,601390,中国中铁,建筑工程
3355,601398,工商银行,银行
3356,601399,国机重装,工程机械
3357,601456,国联证券,证券
3358,601500,通用股份,汽车配件
3359,601512,中新集团,园区开发
3360,601515,东风股份,广告包装
3361,601518,吉林高速,路桥
3362,601519,大智慧,软件服务
3363,601528,瑞丰银行,银行
3364,601555,东吴证券,证券
3365,601566,九牧王,服饰
3366,601567,三星医疗,电器仪表
3367,601568,北元集团,化工原料
3368,601577,长沙银行,银行
3369,601579,会稽山,红黄酒
3370,601588,北辰实业,区域地产
3371,601595,上海电影,影视音像
3372,601598,中国外运,仓储物流
3373,601599,浙文影业,纺织
3374,601600,中国铝业,铝
3375,601601,中国太保,保险
3376,601606,长城军工,专用机械
3377,601607,上海医药,医药商业
3378,601608,中信重工,专用机械
3379,601609,金田铜业,铜
3380,601611,中国核建,建筑工程
3381,601615,明阳智能,机械基件
3382,601616,广电电气,电气设备
3383,601618,中国中冶,建筑工程
3384,601619,嘉泽新能,新型电力
3385,601628,中国人寿,保险
3386,601633,长城汽车,汽车整车
3387,601636,旗滨集团,玻璃
3388,601658,邮储银行,银行
3389,601665,齐鲁银行,银行
3390,601666,平煤股份,煤炭开采
3391,601668,中国建筑,建筑工程
3392,601669,中国电建,建筑工程
3393,601677,明泰铝业,铝
3394,601678,滨化股份,化工原料
3395,601686,友发集团,钢加工
3396,601688,华泰证券,证券
3397,601689,拓普集团,汽车配件
3398,601696,中银证券,证券
3399,601698,中国卫通,电信运营
3400,601699,潞安环能,煤炭开采
3401,601700,风范股份,电气设备
3402,601702,华峰铝业,铝
3403,601717,郑煤机,汽车配件
3404,601718,际华集团,服饰
3405,601727,上海电气,电气设备
3406,601766,中国中车,运输设备
3407,601777,力帆科技,摩托车
3408,601778,晶科科技,新型电力
3409,601788,光大证券,证券
3410,601789,宁波建工,建筑工程
3411,601798,蓝科高新,化工机械
3412,601799,星宇股份,汽车配件
3413,601800,中国交建,建筑工程
3414,601801,皖新传媒,出版业
3415,601808,中海油服,石油开采
3416,601811,新华文轩,出版业
3417,601816,京沪高铁,铁路
3418,601818,光大银行,银行
3419,601827,三峰环境,环境保护
3420,601828,美凯龙,其他商业
3421,601838,成都银行,银行
3422,601857,中国石油,石油开采
3423,601858,中国科传,出版业
3424,601860,紫金银行,银行
3425,601865,福莱特,玻璃
3426,601866,中远海发,水运
3427,601869,长飞光纤,通信设备
3428,601872,招商轮船,水运
3429,601877,正泰电器,电气设备
3430,601878,浙商证券,证券
3431,601880,辽港股份,港口
3432,601881,中国银河,证券
3433,601882,海天精工,机床制造
3434,601886,江河集团,装修装饰
3435,601888,中国中免,旅游服务
3436,601890,亚星锚链,船舶
3437,601898,中煤能源,煤炭开采
3438,601899,紫金矿业,黄金
3439,601900,南方传媒,出版业
3440,601901,方正证券,证券
3441,601908,京运通,新型电力
3442,601916,浙商银行,银行
3443,601918,新集能源,煤炭开采
3444,601919,中远海控,水运
3445,601928,凤凰传媒,出版业
3446,601929,吉视传媒,影视音像
3447,601933,永辉超市,超市连锁
3448,601939,建设银行,银行
3449,601949,中国出版,出版业
3450,601952,苏垦农发,种植业
3451,601956,东贝集团,机械基件
3452,601958,金钼股份,小金属
3453,601963,重庆银行,银行
3454,601965,中国汽研,汽车服务
3455,601966,玲珑轮胎,汽车配件
3456,601968,宝钢包装,广告包装
3457,601969,海南矿业,普钢
3458,601975,招商南油,水运
3459,601985,中国核电,新型电力
3460,601988,中国银行,银行
3461,601989,中国重工,船舶
3462,601990,南京证券,证券
3463,601991,大唐发电,火力发电
3464,601992,金隅集团,水泥
3465,601995,中金公司,证券
3466,601996,丰林集团,家居用品
3467,601997,贵阳银行,银行
3468,601998,中信银行,银行
3469,601999,出版传媒,出版业
3470,603000,人民网,互联网
3471,603001,奥康国际,服饰
3472,603002,宏昌电子,化工原料
3473,603003,龙宇燃油,石油贸易
3474,603005,晶方科技,半导体
3475,603006,联明股份,汽车配件
3476,603007,ST花王,建筑工程
3477,603008,喜临门,家居用品
3478,603009,北特科技,汽车配件
3479,603010,万盛股份,化工原料
3480,603011,合锻智能,机床制造
3481,603012,创力集团,专用机械
3482,603013,亚普股份,汽车配件
3483,603015,弘讯科技,电气设备
3484,603016,新宏泰,电气设备
3485,603017,中衡设计,建筑工程
3486,603018,华设集团,建筑工程
3487,603019,中科曙光,IT设备
3488,603020,爱普股份,食品
3489,603021,山东华鹏,玻璃
3490,603022,新通联,广告包装
3491,603023,威帝股份,汽车配件
3492,603025,大豪科技,白酒
3493,603026,石大胜华,化工原料
3494,603027,千禾味业,食品
3495,603028,赛福天,钢加工
3496,603029,天鹅股份,农用机械
3497,603030,全筑股份,装修装饰
3498,603031,安德利,百货
3499,603032,*ST德新,公共交通
3500,603033,三维股份,橡胶
3501,603035,常熟汽饰,汽车配件
3502,603036,如通股份,专用机械
3503,603037,凯众股份,汽车配件
3504,603038,华立股份,装修装饰
3505,603039,泛微网络,软件服务
3506,603040,新坐标,机械基件
3507,603041,美思德,化工原料
3508,603042,华脉科技,通信设备
3509,603043,广州酒家,食品
3510,603045,福达合金,电气设备
3511,603050,科林电气,电气设备
3512,603053,成都燃气,供气供热
3513,603055,台华新材,纺织
3514,603056,德邦股份,仓储物流
3515,603058,永吉股份,广告包装
3516,603059,倍加洁,家居用品
3517,603060,国检集团,建筑工程
3518,603063,禾望电气,电气设备
3519,603066,音飞储存,仓储物流
3520,603067,振华股份,化工原料
3521,603068,博通集成,半导体
3522,603069,海汽集团,公路
3523,603076,乐惠国际,专用机械
3524,603077,和邦生物,化工原料
3525,603078,江化微,化工原料
3526,603079,圣达生物,食品
3527,603080,新疆火炬,供气供热
3528,603081,大丰实业,专用机械
3529,603083,剑桥科技,通信设备
3530,603085,天成自控,汽车配件
3531,603086,先达股份,农药化肥
3532,603087,甘李药业,生物制药
3533,603088,宁波精达,专用机械
3534,603089,正裕工业,汽车配件
3535,603090,宏盛股份,专用机械
3536,603093,南华期货,多元金融
3537,603095,越剑智能,纺织机械
3538,603096,新经典,出版业
3539,603098,森特股份,装修装饰
3540,603099,长白山,旅游景点
3541,603100,川仪股份,电器仪表
3542,603101,汇嘉时代,百货
3543,603103,横店影视,影视音像
3544,603105,芯能科技,电气设备
3545,603106,恒银科技,IT设备
3546,603108,润达医疗,医药商业
3547,603109,神驰机电,电气设备
3548,603110,东方材料,染料涂料
3549,603111,康尼机电,运输设备
3550,603112,华翔股份,机械基件
3551,603113,金能科技,焦炭加工
3552,603115,海星股份,元器件
3553,603116,红蜻蜓,服饰
3554,603117,万林物流,仓储物流
3555,603118,共进股份,通信设备
3556,603121,华培动力,汽车配件
3557,603123,翠微股份,百货
3558,603126,中材节能,环境保护
3559,603127,昭衍新药,医疗保健
3560,603128,华贸物流,仓储物流
3561,603129,春风动力,摩托车
3562,603131,上海沪工,专用机械
3563,603133,碳元科技,元器件
3564,603136,天目湖,旅游景点
3565,603138,海量数据,软件服务
3566,603139,康惠制药,中成药
3567,603155,新亚强,化工原料
3568,603156,养元饮品,软饮料
3569,603157,*ST拉夏,服饰
3570,603158,腾龙股份,汽车配件
3571,603159,上海亚虹,专用机械
3572,603160,汇顶科技,元器件
3573,603161,科华控股,汽车配件
3574,603165,荣晟环保,造纸
3575,603166,福达股份,汽车配件
3576,603167,渤海轮渡,水运
3577,603168,莎普爱思,化学制药
3578,603169,兰石重装,专用机械
3579,603171,税友股份,软件服务
3580,603177,德创环保,环境保护
3581,603178,圣龙股份,汽车配件
3582,603179,新泉股份,汽车配件
3583,603180,金牌厨柜,家居用品
3584,603181,皇马科技,化工原料
3585,603183,建研院,建筑工程
3586,603185,上机数控,电气设备
3587,603186,华正新材,元器件
3588,603187,海容冷链,机械基件
3589,603188,亚邦股份,染料涂料
3590,603189,网达软件,软件服务
3591,603192,汇得科技,化工原料
3592,603195,公牛集团,电气设备
3593,603196,日播时尚,服饰
3594,603197,保隆科技,汽车配件
3595,603198,迎驾贡酒,白酒
3596,603199,九华旅游,旅游景点
3597,603200,上海洗霸,环境保护
3598,603203,快克股份,专用机械
3599,603208,江山欧派,家居用品
3600,603212,赛伍技术,塑料
3601,603214,爱婴室,百货
3602,603217,元利科技,化工原料
3603,603218,日月股份,工程机械
3604,603220,中贝通信,通信设备
3605,603221,爱丽家居,家居用品
3606,603222,济民医疗,化学制药
3607,603223,恒通股份,供气供热
3608,603225,新凤鸣,化纤
3609,603226,菲林格尔,家居用品
3610,603227,雪峰科技,化工原料
3611,603228,景旺电子,元器件
3612,603229,奥翔药业,化学制药
3613,603232,格尔软件,软件服务
3614,603233,大参林,医药商业
3615,603236,移远通信,通信设备
3616,603238,诺邦股份,纺织
3617,603239,浙江仙通,汽车配件
3618,603256,宏和科技,玻璃
3619,603258,电魂网络,互联网
3620,603259,药明康德,化学制药
3621,603260,合盛硅业,化工原料
3622,603266,天龙股份,塑料
3623,603267,鸿远电子,元器件
3624,603268,松发股份,陶瓷
3625,603269,海鸥股份,机械基件
3626,603277,银都股份,专用机械
3627,603278,大业股份,钢加工
3628,603279,景津环保,环境保护
3629,603283,赛腾股份,专用机械
3630,603286,日盈电子,汽车配件
3631,603288,海天味业,食品
3632,603289,泰瑞机器,专用机械
3633,603290,斯达半导,半导体
3634,603297,永新光学,电器仪表
3635,603298,杭叉集团,专用机械
3636,603299,苏盐井神,食品
3637,603300,华铁应急,多元金融
3638,603301,振德医疗,医疗保健
3639,603303,得邦照明,家用电器
3640,603305,旭升股份,汽车配件
3641,603306,华懋科技,汽车配件
3642,603308,应流股份,专用机械
3643,603309,维力医疗,医疗保健
3644,603311,金海高科,专用机械
3645,603313,梦百合,家居用品
3646,603315,福鞍股份,机械基件
3647,603316,诚邦股份,建筑工程
3648,603317,天味食品,食品
3649,603318,水发燃气,专用机械
3650,603319,湘油泵,汽车配件
3651,603320,迪贝电气,机械基件
3652,603321,梅轮电梯,运输设备
3653,603322,超讯通信,通信设备
3654,603323,苏农银行,银行
3655,603324,盛剑环境,环境保护
3656,603326,我乐家居,家居用品
3657,603327,福蓉科技,元器件
3658,603328,依顿电子,元器件
3659,603329,上海雅仕,仓储物流
3660,603330,上海天洋,塑料
3661,603331,百达精工,专用机械
3662,603332,苏州龙杰,化纤
3663,603333,尚纬股份,电气设备
3664,603335,迪生力,汽车配件
3665,603336,宏辉果蔬,农业综合
3666,603337,杰克股份,纺织机械
3667,603338,浙江鼎力,专用机械
3668,603339,四方科技,专用机械
3669,603345,安井食品,食品
3670,603348,文灿股份,汽车配件
3671,603351,威尔药业,化学制药
3672,603353,和顺石油,石油贸易
3673,603355,莱克电气,家用电器
3674,603356,华菱精工,运输设备
3675,603357,设计总院,建筑工程
3676,603358,华达科技,汽车配件
3677,603359,东珠生态,环境保护
3678,603360,百傲化学,化工原料
3679,603363,傲农生物,饲料
3680,603365,水星家纺,纺织
3681,603366,日出东方,家用电器
3682,603367,辰欣药业,化学制药
3683,603368,柳药股份,医药商业
3684,603369,今世缘,白酒
3685,603377,东方时尚,汽车服务
3686,603378,亚士创能,染料涂料
3687,603379,三美股份,化工原料
3688,603380,易德龙,元器件
3689,603383,顶点软件,软件服务
3690,603385,惠达卫浴,家居用品
3691,603386,广东骏亚,元器件
3692,603387,基蛋生物,医疗保健
3693,603388,元成股份,建筑工程
3694,603389,亚振家居,家居用品
3695,603390,通达电气,汽车配件
3696,603392,万泰生物,医疗保健
3697,603393,新天然气,供气供热
3698,603396,金辰股份,专用机械
3699,603398,邦宝益智,文教休闲
3700,603399,吉翔股份,小金属
3701,603408,建霖家居,家居用品
3702,603416,信捷电气,电气设备
3703,603421,鼎信通讯,通信设备
3704,603429,集友股份,广告包装
3705,603439,贵州三力,中成药
3706,603444,吉比特,互联网
3707,603456,九洲药业,化学制药
3708,603458,勘设股份,建筑工程
3709,603466,风语筑,文教休闲
3710,603477,巨星农牧,纺织
3711,603486,科沃斯,家用电器
3712,603488,展鹏科技,电气设备
3713,603489,八方股份,电气设备
3714,603496,恒为科技,IT设备
3715,603499,翔港科技,广告包装
3716,603500,祥和实业,运输设备
3717,603501,韦尔股份,半导体
3718,603505,金石资源,矿物制品
3719,603506,南都物业,房产服务
3720,603507,振江股份,钢加工
3721,603508,思维列控,软件服务
3722,603511,爱慕股份,服饰
3723,603515,欧普照明,电气设备
3724,603516,淳中科技,通信设备
3725,603517,绝味食品,食品
3726,603518,锦泓集团,服饰
3727,603519,立霸股份,家用电器
3728,603520,司太立,化学制药
3729,603527,众源新材,铜
3730,603528,多伦科技,软件服务
3731,603529,爱玛科技,摩托车
3732,603530,神马电力,电气设备
3733,603533,掌阅科技,互联网
3734,603535,嘉诚国际,仓储物流
3735,603536,惠发食品,食品
3736,603538,美诺华,化学制药
3737,603551,奥普家居,家居用品
3738,603555,*ST贵人,服饰
3739,603556,海兴电力,电器仪表
3740,603557,ST起步,服饰
3741,603558,健盛集团,纺织
3742,603559,中通国脉,通信设备
3743,603565,中谷物流,仓储物流
3744,603566,普莱柯,生物制药
3745,603567,珍宝岛,中成药
3746,603568,伟明环保,环境保护
3747,603569,长久物流,仓储物流
3748,603577,汇金通,钢加工
3749,603578,三星新材,玻璃
3750,603579,荣泰健康,医疗保健
3751,603580,艾艾精工,化工原料
3752,603583,捷昌驱动,电气设备
3753,603585,苏利股份,化工原料
3754,603586,金麒麟,汽车配件
3755,603587,地素时尚,服饰
3756,603588,高能环境,环境保护
3757,603589,口子窖,白酒
3758,603590,康辰药业,化学制药
3759,603595,东尼电子,元器件
3760,603596,伯特利,汽车配件
3761,603598,引力传媒,影视音像
3762,603599,广信股份,农药化肥
3763,603600,永艺股份,家居用品
3764,603601,再升科技,玻璃
3765,603602,纵横通信,通信设备
3766,603603,博天环境,环境保护
3767,603605,珀莱雅,日用化工
3768,603606,东方电缆,电气设备
3769,603607,京华激光,造纸
3770,603608,天创时尚,服饰
3771,603609,禾丰股份,饲料
3772,603610,麒盛科技,家居用品
3773,603611,诺力股份,运输设备
3774,603612,索通发展,矿物制品
3775,603613,国联股份,互联网
3776,603615,茶花股份,家居用品
3777,603616,韩建河山,其他建材
3778,603617,君禾股份,专用机械
3779,603618,杭电股份,电气设备
3780,603619,中曼石油,石油开采
3781,603626,科森科技,专用机械
3782,603628,清源股份,电气设备
3783,603629,利通电子,元器件
3784,603630,拉芳家化,日用化工
3785,603633,徕木股份,元器件
3786,603636,南威软件,软件服务
3787,603637,镇海股份,建筑工程
3788,603638,艾迪精密,专用机械
3789,603639,海利尔,农药化肥
3790,603648,畅联股份,仓储物流
3791,603650,彤程新材,化工原料
3792,603655,朗博科技,汽车配件
3793,603656,泰禾智能,专用机械
3794,603657,春光科技,家用电器
3795,603658,安图生物,医疗保健
3796,603659,璞泰来,化工原料
3797,603660,苏州科达,通信设备
3798,603661,恒林股份,家居用品
3799,603662,柯力传感,电器仪表
3800,603663,三祥新材,矿物制品
3801,603665,康隆达,纺织
3802,603666,亿嘉和,专用机械
3803,603667,五洲新春,机械基件
3804,603668,天马科技,饲料
3805,603669,灵康药业,化学制药
3806,603676,卫信康,化学制药
3807,603677,奇精机械,机械基件
3808,603678,火炬电子,元器件
3809,603679,华体科技,电气设备
3810,603680,今创集团,运输设备
3811,603681,永冠新材,化工原料
3812,603682,锦和商业,房产服务
3813,603683,晶华新材,化工原料
3814,603685,晨丰科技,电气设备
3815,603686,龙马环卫,环境保护
3816,603687,大胜达,广告包装
3817,603688,石英股份,矿物制品
3818,603689,皖天然气,供气供热
3819,603690,至纯科技,专用机械
3820,603693,江苏新能,新型电力
3821,603696,安记食品,食品
3822,603697,有友食品,食品
3823,603698,航天工程,专用机械
3824,603699,纽威股份,专用机械
3825,603700,宁水集团,电器仪表
3826,603701,德宏股份,汽车配件
3827,603703,盛洋科技,通信设备
3828,603706,东方环宇,供气供热
3829,603707,健友股份,化学制药
3830,603708,家家悦,超市连锁
3831,603709,中源家居,家居用品
3832,603711,香飘飘,软饮料
3833,603712,七一二,通信设备
3834,603713,密尔克卫,仓储物流
3835,603716,塞力医疗,医药商业
3836,603717,天域生态,环境保护
3837,603718,海利生物,生物制药
3838,603719,良品铺子,食品
3839,603721,中广天择,影视音像
3840,603722,阿科力,化工原料
3841,603725,天安新材,塑料
3842,603726,朗迪集团,机械基件
3843,603727,博迈科,石油开采
3844,603728,鸣志电器,电气设备
3845,603729,ST龙韵,广告包装
3846,603730,岱美股份,汽车配件
3847,603733,仙鹤股份,造纸
3848,603737,三棵树,染料涂料
3849,603738,泰晶科技,元器件
3850,603739,蔚蓝生物,农业综合
3851,603755,日辰股份,食品
3852,603757,大元泵业,专用机械
3853,603758,秦安股份,汽车配件
3854,603759,海天股份,水务
3855,603766,隆鑫通用,摩托车
3856,603767,中马传动,汽车配件
3857,603768,常青股份,汽车配件
3858,603773,沃格光电,元器件
3859,603776,永安行,公共交通
3860,603777,来伊份,食品
3861,603778,乾景园林,建筑工程
3862,603779,ST威龙,红黄酒
3863,603786,科博达,汽车配件
3864,603787,新日股份,摩托车
3865,603788,宁波高发,汽车配件
3866,603789,星光农机,农用机械
3867,603790,雅运股份,染料涂料
3868,603797,联泰环保,环境保护
3869,603798,康普顿,石油加工
3870,603799,华友钴业,小金属
3871,603800,道森股份,专用机械
3872,603801,志邦家居,家居用品
3873,603803,瑞斯康达,通信设备
3874,603806,福斯特,塑料
3875,603808,歌力思,服饰
3876,603809,豪能股份,汽车配件
3877,603810,丰山集团,农药化肥
3878,603811,诚意药业,化学制药
3879,603813,原尚股份,仓储物流
3880,603815,交建股份,建筑工程
3881,603816,顾家家居,家居用品
3882,603817,海峡环保,环境保护
3883,603818,曲美家居,家居用品
3884,603819,神力股份,电气设备
3885,603822,嘉澳环保,环境保护
3886,603823,百合花,染料涂料
3887,603825,华扬联众,互联网
3888,603826,坤彩科技,染料涂料
3889,603828,柯利达,装修装饰
3890,603829,洛凯股份,电气设备
3891,603833,欧派家居,家居用品
3892,603836,海程邦达,仓储物流
3893,603838,四通股份,陶瓷
3894,603839,安正时尚,服饰
3895,603843,正平股份,建筑工程
3896,603848,好太太,家居用品
3897,603855,华荣股份,专用机械
3898,603856,东宏股份,塑料
3899,603858,步长制药,中成药
3900,603859,能科股份,软件服务
3901,603860,中公高科,路桥
3902,603861,白云电器,电气设备
3903,603863,ST松炀,造纸
3904,603866,桃李面包,食品
3905,603867,新化股份,化工原料
3906,603868,飞科电器,家用电器
3907,603869,新智认知,软件服务
3908,603871,嘉友国际,仓储物流
3909,603876,鼎胜新材,铝
3910,603877,太平鸟,服饰
3911,603878,武进不锈,钢加工
3912,603879,永悦科技,化工原料
3913,603880,南卫股份,医疗保健
3914,603881,数据港,电信运营
3915,603882,金域医学,医疗保健
3916,603883,老百姓,医药商业
3917,603885,吉祥航空,空运
3918,603886,元祖股份,食品
3919,603887,城地香江,软件服务
3920,603888,新华网,互联网
3921,603889,新澳股份,纺织
3922,603890,春秋电子,元器件
3923,603893,瑞芯微,半导体
3924,603895,天永智能,专用机械
3925,603896,寿仙谷,中成药
3926,603897,长城科技,电气设备
3927,603898,好莱客,家居用品
3928,603899,晨光文具,文教休闲
3929,603900,莱绅通灵,服饰
3930,603901,永创智能,专用机械
3931,603903,中持股份,环境保护
3932,603906,龙蟠科技,化工原料
3933,603908,牧高笛,纺织
3934,603909,合诚股份,建筑工程
3935,603912,佳力图,专用机械
3936,603915,国茂股份,机械基件
3937,603916,苏博特,化工原料
3938,603917,合力科技,汽车配件
3939,603918,金桥信息,软件服务
3940,603919,金徽酒,白酒
3941,603920,世运电路,元器件
3942,603922,金鸿顺,汽车配件
3943,603926,铁流股份,汽车配件
3944,603927,中科软,软件服务
3945,603928,兴业股份,化工原料
3946,603929,亚翔集成,装修装饰
3947,603931,格林达,化工原料
3948,603933,睿能科技,纺织机械
3949,603936,博敏电子,元器件
3950,603937,丽岛新材,铝
3951,603938,三孚股份,化工原料
3952,603939,益丰药房,医药商业
3953,603948,建业股份,化工原料
3954,603949,雪龙集团,汽车配件
3955,603950,长源东谷,汽车配件
3956,603955,大千生态,环境保护
3957,603956,威派格,专用机械
3958,603958,哈森股份,服饰
3959,603959,百利科技,建筑工程
3960,603960,克来机电,专用机械
3961,603963,大理药业,化学制药
3962,603966,法兰泰克,机械基件
3963,603967,中创物流,仓储物流
3964,603968,醋化股份,化工原料
3965,603969,银龙股份,其他建材
3966,603970,中农立华,其他商业
3967,603976,正川股份,医疗保健
3968,603977,国泰集团,化工原料
3969,603978,深圳新星,铝
3970,603979,金诚信,建筑工程
3971,603980,吉华集团,染料涂料
3972,603982,泉峰汽车,汽车配件
3973,603983,丸美股份,日用化工
3974,603985,恒润股份,机械基件
3975,603986,兆易创新,半导体
3976,603987,康德莱,医疗保健
3977,603988,中电电机,电气设备
3978,603989,艾华集团,元器件
3979,603990,麦迪科技,软件服务
3980,603991,至正股份,塑料
3981,603992,松霖科技,家居用品
3982,603993,洛阳钼业,小金属
3983,603995,甬金股份,特种钢
3984,603996,*ST中新,家用电器
3985,603997,继峰股份,汽车配件
3986,603998,方盛制药,中成药
3987,603999,读者传媒,出版业
3988,605001,威奥股份,运输设备
3989,605003,众望布艺,纺织
3990,605005,合兴股份,汽车配件
3991,605006,山东玻纤,玻璃
3992,605007,五洲特纸,造纸
3993,605008,长鸿高科,塑料
3994,605009,豪悦护理,造纸
3995,605011,杭州热电,供气供热
3996,605016,百龙创园,食品
3997,605018,长华股份,汽车配件
3998,605020,永和股份,化工原料
3999,605028,世茂能源,供气供热
4000,605050,福然德,仓储物流
4001,605055,迎丰股份,纺织
4002,605056,咸亨国际,电器仪表
4003,605058,澳弘电子,元器件
4004,605060,联德股份,机械基件
4005,605066,天正电气,电气设备
4006,605068,明新旭腾,汽车配件
4007,605077,华康股份,食品
4008,605080,浙江自然,纺织
4009,605081,太和水,环境保护
4010,605086,龙高股份,矿物制品
4011,605088,冠盛股份,汽车配件
4012,605089,味知香,食品
4013,605090,九丰能源,供气供热
4014,605098,行动教育,文教休闲
4015,605099,共创草坪,文教休闲
4016,605100,华丰股份,机械基件
4017,605108,同庆楼,酒店餐饮
4018,605111,新洁能,半导体
4019,605116,奥锐特,化学制药
4020,605117,德业股份,家用电器
4021,605118,力鼎光电,元器件
4022,605122,四方新材,其他建材
4023,605123,派克新材,钢加工
4024,605128,上海沿浦,汽车配件
4025,605133,嵘泰股份,汽车配件
4026,605136,丽人丽妆,其他商业
4027,605151,西上海,汽车配件
4028,605155,西大门,化工原料
4029,605158,华达新材,钢加工
4030,605162,新中港,供气供热
4031,605166,聚合顺,化工原料
4032,605168,三人行,互联网
4033,605169,洪通燃气,供气供热
4034,605177,东亚药业,化学制药
4035,605178,时空科技,装修装饰
4036,605179,一鸣食品,乳制品
4037,605180,华生科技,塑料
4038,605183,确成股份,化工原料
4039,605186,健麾信息,医疗保健
4040,605188,国光连锁,超市连锁
4041,605189,富春染织,纺织
4042,605196,华通线缆,电气设备
4043,605198,德利股份,软饮料
4044,605199,葫芦娃,中成药
4045,605208,永茂泰,汽车配件
4046,605218,伟时电子,元器件
4047,605222,起帆电缆,电气设备
4048,605228,神通科技,汽车配件
4049,605255,天普股份,汽车配件
4050,605258,协和电子,元器件
4051,605259,绿田机械,农用机械
4052,605266,健之佳,医药商业
4053,605268,王力安防,家居用品
4054,605277,新亚电子,电气设备
4055,605286,同力日升,运输设备
4056,605287,德才股份,装修装饰
4057,605288,凯迪股份,电气设备
4058,605289,罗曼股份,建筑工程
4059,605296,神农集团,农业综合
4060,605298,必得科技,运输设备
4061,605299,舒华体育,文教休闲
4062,605300,佳禾食品,食品
4063,605303,园林股份,建筑工程
4064,605305,中际联合,专用机械
4065,605318,法狮龙,装修装饰
4066,605319,无锡振华,汽车配件
4067,605333,沪光股份,汽车配件
4068,605336,帅丰电器,家用电器
4069,605337,李子园,乳制品
4070,605338,巴比食品,食品
4071,605339,南侨食品,食品
4072,605358,立昂微,半导体
4073,605365,立达信,家用电器
4074,605366,宏柏新材,化工原料
4075,605368,蓝天燃气,供气供热
4076,605369,拱东医疗,医疗保健
4077,605376,博迁新材,小金属
4078,605377,华旺科技,造纸
4079,605378,野马电池,电气设备
4080,605388,均瑶健康,软饮料
4081,605389,长龄液压,机械基件
4082,605398,新炬网络,软件服务
4083,605399,晨光新材,化工原料
4084,605488,福莱新材,塑料
4085,605499,东鹏饮料,软饮料
4086,605500,森林包装,造纸
4087,688001,华兴源创,专用机械
4088,688002,睿创微纳,通信设备
4089,688003,天准科技,专用机械
4090,688004,博汇科技,软件服务
4091,688005,容百科技,电气设备
4092,688006,杭可科技,电气设备
4093,688007,光峰科技,元器件
4094,688008,澜起科技,半导体
4095,688009,中国通号,运输设备
4096,688010,福光股份,电器仪表
4097,688011,新光光电,元器件
4098,688012,中微公司,专用机械
4099,688013,天臣医疗,医疗保健
4100,688015,交控科技,运输设备
4101,688016,心脉医疗,医疗保健
4102,688017,绿的谐波,机械基件
4103,688018,乐鑫科技,半导体
4104,688019,安集科技,半导体
4105,688020,方邦股份,元器件
4106,688021,奥福环保,环境保护
4107,688022,瀚川智能,专用机械
4108,688023,安恒信息,软件服务
4109,688025,杰普特,元器件
4110,688026,洁特生物,塑料
4111,688027,国盾量子,通信设备
4112,688028,沃尔德,专用机械
4113,688029,南微医学,医疗保健
4114,688030,山石网科,软件服务
4115,688033,天宜上佳,运输设备
4116,688036,传音控股,通信设备
4117,688037,芯源微,半导体
4118,688038,中科通达,软件服务
4119,688039,当虹科技,软件服务
4120,688050,爱博医疗,医疗保健
4121,688051,佳华科技,软件服务
4122,688055,龙腾光电,元器件
4123,688056,莱伯泰科,电器仪表
4124,688057,金达莱,环境保护
4125,688058,宝兰德,软件服务
4126,688059,华锐精密,机械基件
4127,688060,云涌科技,软件服务
4128,688063,派能科技,电气设备
4129,688065,凯赛生物,化纤
4130,688066,航天宏图,软件服务
4131,688067,爱威科技,医疗保健
4132,688068,热景生物,医疗保健
4133,688069,德林海,环境保护
4134,688070,纵横股份,航空
4135,688076,诺泰生物,生物制药
4136,688077,大地熊,元器件
4137,688078,龙软科技,软件服务
4138,688079,美迪凯,半导体
4139,688080,映翰通,通信设备
4140,688081,兴图新科,软件服务
4141,688083,中望软件,软件服务
4142,688085,三友医疗,医疗保健
4143,688086,紫晶存储,IT设备
4144,688087,英科再生,环境保护
4145,688088,虹软科技,软件服务
4146,688089,嘉必优,食品
4147,688090,瑞松科技,专用机械
4148,688092,爱科科技,专用机械
4149,688093,世华科技,化工原料
4150,688095,福昕软件,软件服务
4151,688096,京源环保,环境保护
4152,688097,博众精工,专用机械
4153,688098,申联生物,生物制药
4154,688099,晶晨股份,半导体
4155,688100,威胜信息,通信设备
4156,688101,三达膜,环境保护
4157,688106,金宏气体,化工原料
4158,688108,赛诺医疗,医疗保健
4159,688109,品茗股份,软件服务
4160,688111,金山办公,软件服务
4161,688113,联测科技,专用机械
4162,688116,天奈科技,化工原料
4163,688117,圣诺生物,生物制药
4164,688118,普元信息,软件服务
4165,688122,西部超导,小金属
4166,688123,聚辰股份,半导体
4167,688126,沪硅产业-U,半导体
4168,688127,蓝特光学,元器件
4169,688128,中国电研,专用机械
4170,688129,东来技术,染料涂料
4171,688131,皓元医药,化学制药
4172,688133,泰坦科技,化工原料
4173,688135,利扬芯片,半导体
4174,688136,科兴制药,生物制药
4175,688138,清溢光电,元器件
4176,688139,海尔生物,医疗保健
4177,688155,先惠技术,专用机械
4178,688156,路德环境,环境保护
4179,688157,松井股份,染料涂料
4180,688158,优刻得-W,互联网
4181,688159,有方科技,通信设备
4182,688160,步科股份,电器仪表
4183,688161,威高骨科,医疗保健
4184,688165,埃夫特-U,专用机械
4185,688166,博瑞医药,化学制药
4186,688168,安博通,软件服务
4187,688169,石头科技,家用电器
4188,688177,百奥泰-U,生物制药
4189,688178,万德斯,环境保护
4190,688179,阿拉丁,化学制药
4191,688180,君实生物-U,生物制药
4192,688181,八亿时空,半导体
4193,688183,生益电子,元器件
4194,688185,康希诺-U,生物制药
4195,688186,广大特材,特种钢
4196,688188,柏楚电子,软件服务
4197,688189,南新制药,化学制药
4198,688191,智洋创新,软件服务
4199,688195,腾景科技,元器件
4200,688196,卓越新能,环境保护
4201,688198,佰仁医疗,医疗保健
4202,688199,久日新材,化工原料
4203,688200,华峰测控,专用机械
4204,688201,信安世纪,通信设备
4205,688202,美迪西,医疗保健
4206,688208,道通科技,汽车配件
4207,688215,瑞晟智能,专用机械
4208,688216,气派科技,半导体
4209,688217,睿昂基因,生物制药
4210,688218,江苏北人,专用机械
4211,688219,会通股份,塑料
4212,688221,前沿生物-U,生物制药
4213,688222,成都先导,化学制药
4214,688226,威腾电气,电气设备
4215,688228,开普云,互联网
4216,688229,博睿数据,软件服务
4217,688233,神工股份,化工原料
4218,688239,航宇科技,航空
4219,688256,寒武纪-U,元器件
4220,688258,卓易信息,软件服务
4221,688260,昀冢科技,元器件
4222,688266,泽璟制药-U,化学制药
4223,688268,华特气体,化工原料
4224,688269,凯立新材,化工原料
4225,688276,百克生物,生物制药
4226,688277,天智航-U,医疗保健
4227,688278,特宝生物,生物制药
4228,688286,敏芯股份,元器件
4229,688288,鸿泉物联,汽车配件
4230,688289,圣湘生物,医疗保健
4231,688298,东方生物,医疗保健
4232,688299,长阳科技,塑料
4233,688300,联瑞新材,矿物制品
4234,688301,奕瑞科技,医疗保健
4235,688303,大全能源,元器件
4236,688305,科德数控,机床制造
4237,688308,欧科亿,机械基件
4238,688309,恒誉环保,环境保护
4239,688310,迈得医疗,医疗保健
4240,688311,盟升电子,元器件
4241,688312,燕麦科技,专用机械
4242,688313,仕佳光子,通信设备
4243,688314,康拓医疗,医疗保健
4244,688315,诺禾致源,医疗保健
4245,688316,青云科技-U,软件服务
4246,688317,之江生物,生物制药
4247,688318,财富趋势,软件服务
4248,688319,欧林生物,生物制药
4249,688321,微芯生物,化学制药
4250,688323,瑞华泰,塑料
4251,688328,深科达,元器件
4252,688329,艾隆科技,医疗保健
4253,688330,宏力达,电气设备
4254,688333,铂力特,机械基件
4255,688335,复洁环保,环境保护
4256,688336,三生国健,生物制药
4257,688338,赛科希德,医疗保健
4258,688339,亿华通-U,汽车配件
4259,688345,博力威,电气设备
4260,688350,富淼科技,化工原料
4261,688355,明志科技,机械基件
4262,688356,键凯科技,化学制药
4263,688357,建龙微纳,化工原料
4264,688358,祥生医疗,医疗保健
4265,688359,三孚新科,化工原料
4266,688360,德马科技,机械基件
4267,688363,华熙生物,生物制药
4268,688365,光云科技,软件服务
4269,688366,昊海生科,生物制药
4270,688367,工大高科,软件服务
4271,688368,晶丰明源,半导体
4272,688369,致远互联,软件服务
4273,688377,迪威尔,专用机械
4274,688378,奥来德,专用机械
4275,688379,华光新材,小金属
4276,688383,新益昌,专用机械
4277,688386,泛亚微透,化工原料
4278,688388,嘉元科技,铜
4279,688389,普门科技,医疗保健
4280,688390,固德威,电气设备
4281,688393,安必平,医疗保健
4282,688395,正弦电气,电气设备
4283,688396,华润微,半导体
4284,688398,赛特新材,矿物制品
4285,688399,硕世生物,医疗保健
4286,688408,中信博,电气设备
4287,688418,震有科技,通信设备
4288,688425,铁建重工,专用机械
4289,688456,有研粉材,铜
4290,688466,金科环境,环境保护
4291,688468,科美诊断,医疗保健
4292,688488,艾迪药业,生物制药
4293,688499,利元亨,专用机械
4294,688500,慧辰股份,互联网
4295,688501,青达环保,环境保护
4296,688505,复旦张江,化学制药
4297,688508,芯朋微,半导体
4298,688510,航亚科技,航空
4299,688513,苑东生物,化学制药
4300,688516,奥特维,专用机械
4301,688517,金冠电气,电气设备
4302,688518,联赢激光,专用机械
4303,688519,南亚新材,元器件
4304,688520,神州细胞-U,生物制药
4305,688521,芯原股份-U,半导体
4306,688526,科前生物,农业综合
4307,688528,秦川物联,电器仪表
4308,688529,豪森股份,汽车配件
4309,688533,上声电子,元器件
4310,688536,思瑞浦,半导体
4311,688538,和辉光电-U,半导体
4312,688550,瑞联新材,化工原料
4313,688551,科威尔,专用机械
4314,688555,泽达易盛,软件服务
4315,688556,高测股份,专用机械
4316,688557,兰剑智能,专用机械
4317,688558,国盛智科,机床制造
4318,688559,海目星,专用机械
4319,688560,明冠新材,电气设备
4320,688561,奇安信-U,软件服务
4321,688565,力源科技,环境保护
4322,688566,吉贝尔,化学制药
4323,688567,孚能科技,电气设备
4324,688568,中科星图,软件服务
4325,688569,铁科轨道,运输设备
4326,688571,杭华股份,染料涂料
4327,688575,亚辉龙,医疗保健
4328,688577,浙海德曼,机床制造
4329,688578,艾力斯-U,化学制药
4330,688579,山大地纬,软件服务
4331,688580,伟思医疗,医疗保健
4332,688585,上纬新材,化工原料
4333,688586,江航装备,航空
4334,688588,凌志软件,软件服务
4335,688589,力合微,半导体
4336,688590,新致软件,软件服务
4337,688595,芯海科技,半导体
4338,688596,正帆科技,专用机械
4339,688597,煜邦电力,电器仪表
4340,688598,金博股份,矿物制品
4341,688599,天合光能,电气设备
4342,688600,皖仪科技,电器仪表
4343,688601,力芯微,半导体
4344,688606,奥泰生物,生物制药
4345,688607,康众医疗,医疗保健
4346,688608,恒玄科技,半导体
4347,688609,九联科技,通信设备
4348,688611,杭州柯林,电气设备
4349,688613,奥精医疗,医疗保健
4350,688616,西力科技,电器仪表
4351,688617,惠泰医疗,医疗保健
4352,688618,三旺通信,通信设备
4353,688619,罗普特,软件服务
4354,688621,阳光诺和,医疗保健
4355,688625,呈和科技,化工原料
4356,688626,翔宇医疗,医疗保健
4357,688628,优利德,电器仪表
4358,688630,芯碁微装,专用机械
4359,688633,星球石墨,专用机械
4360,688636,智明达,元器件
4361,688639,华恒生物,化工原料
4362,688655,迅捷兴,元器件
4363,688656,浩欧博,生物制药
4364,688658,悦康药业,化学制药
4365,688659,元琛科技,环境保护
4366,688660,电气风电,电气设备
4367,688661,和林微纳,元器件
4368,688662,富信科技,半导体
4369,688663,新风光,电气设备
4370,688665,四方光电,电器仪表
4371,688667,菱电电控,汽车配件
4372,688668,鼎通科技,元器件
4373,688669,聚石化学,化工原料
4374,688676,金盘科技,电气设备
4375,688677,海泰新光,医疗保健
4376,688678,福立旺,元器件
4377,688679,通源环境,环境保护
4378,688680,海优新材,塑料
4379,688681,科汇股份,电气设备
4380,688682,霍莱沃,软件服务
4381,688683,莱尔科技,化工原料
4382,688685,迈信林,航空
4383,688686,奥普特,电器仪表
4384,688687,凯因科技,生物制药
4385,688689,银河微电,元器件
4386,688690,纳微科技,化工原料
4387,688696,极米科技,IT设备
4388,688698,伟创电气,电气设备
4389,688699,明微电子,半导体
4390,688700,东威科技,专用机械
4391,688777,中控技术,软件服务
4392,688788,科思科技,通信设备
4393,688789,宏华数科,专用机械
4394,688793,倍轻松,家居用品
4395,688799,华纳药厂,化学制药
4396,688800,瑞可达,元器件
4397,688819,天能股份,电气设备
4398,688981,中芯国际,半导体
4399,689009,九号公司-WD,摩托车
